"","Var1","Freq"
"1","광주광역시 광산구 계안길",1
"2","광주광역시 광산구 고봉로",33
"3","광주광역시 광산구 고봉로16번길",1
"4","광주광역시 광산구 고봉로175번길",2
"5","광주광역시 광산구 고봉로258번길",1
"6","광주광역시 광산구 광곡길",1
"7","광주광역시 광산구 광산로",72
"8","광주광역시 광산구 광산로19번길",9
"9","광주광역시 광산구 광산로20번길",8
"10","광주광역시 광산구 광산로29번길",14
"11","광주광역시 광산구 광산로30번길",35
"12","광주광역시 광산구 광산로45번길",4
"13","광주광역시 광산구 광산로56번길",8
"14","광주광역시 광산구 광산로67번길",4
"15","광주광역시 광산구 광산로89번길",4
"16","광주광역시 광산구 구촌반촌길",1
"17","광주광역시 광산구 금봉로",42
"18","광주광역시 광산구 금봉로59번길",1
"19","광주광역시 광산구 금봉로64번길",1
"20","광주광역시 광산구 남동길",15
"21","광주광역시 광산구 남동길30번길",28
"22","광주광역시 광산구 남동길48번길",21
"23","광주광역시 광산구 내동송동길",1
"24","광주광역시 광산구 내상로",32
"25","광주광역시 광산구 내상로15번길",5
"26","광주광역시 광산구 내상로33번길",11
"27","광주광역시 광산구 노안삼도로",1
"28","광주광역시 광산구 도산로",28
"29","광주광역시 광산구 도산로9번길",23
"30","광주광역시 광산구 도산신송길",5
"31","광주광역시 광산구 도천남길",1
"32","광주광역시 광산구 동곡로",21
"33","광주광역시 광산구 동곡로185번길",9
"34","광주광역시 광산구 목련로",102
"35","광주광역시 광산구 목련로142번길",2
"36","광주광역시 광산구 목련로153번길",43
"37","광주광역시 광산구 목련로153번안길",35
"38","광주광역시 광산구 목련로217번길",4
"39","광주광역시 광산구 목련로219번길",28
"40","광주광역시 광산구 목련로21번길",8
"41","광주광역시 광산구 목련로253번길",5
"42","광주광역시 광산구 목련로273번길",24
"43","광주광역시 광산구 목련로273번안길",25
"44","광주광역시 광산구 목련로2번길",1
"45","광주광역시 광산구 목련로381번길",3
"46","광주광역시 광산구 목련로382번길",16
"47","광주광역시 광산구 목련로382번안길",2
"48","광주광역시 광산구 목련로394번길",32
"49","광주광역시 광산구 목련로397번길",1
"50","광주광역시 광산구 목련로397번안길",6
"51","광주광역시 광산구 무진대로",17
"52","광주광역시 광산구 무진대로211번길",13
"53","광주광역시 광산구 무진대로212번길",13
"54","광주광역시 광산구 무진대로231번길",38
"55","광주광역시 광산구 무진대로232번길",1
"56","광주광역시 광산구 박호등임로",4
"57","광주광역시 광산구 반월안길",1
"58","광주광역시 광산구 복영길",4
"59","광주광역시 광산구 본량동서로",1
"60","광주광역시 광산구 본안길",3
"61","광주광역시 광산구 북문대로",7
"62","광주광역시 광산구 북문대로419번길",23
"63","광주광역시 광산구 북문대로420번길",4
"64","광주광역시 광산구 북문대로433번길",4
"65","광주광역시 광산구 비아동원촌길",10
"66","광주광역시 광산구 비아로",18
"67","광주광역시 광산구 비아로127번길",1
"68","광주광역시 광산구 비아로12번길",10
"69","광주광역시 광산구 비아로135번길",1
"70","광주광역시 광산구 비아로24번길",6
"71","광주광역시 광산구 비아로34번길",10
"72","광주광역시 광산구 비아로45번길",16
"73","광주광역시 광산구 비아로62번길",2
"74","광주광역시 광산구 비아안길",24
"75","광주광역시 광산구 비아중앙로",23
"76","광주광역시 광산구 비아중앙로31번길",3
"77","광주광역시 광산구 사암로",91
"78","광주광역시 광산구 사암로106번길",25
"79","광주광역시 광산구 사암로118번길",7
"80","광주광역시 광산구 사암로130번길",9
"81","광주광역시 광산구 사암로158번길",3
"82","광주광역시 광산구 사암로171번길",9
"83","광주광역시 광산구 사암로172번길",4
"84","광주광역시 광산구 사암로215번길",21
"85","광주광역시 광산구 사암로216번길",56
"86","광주광역시 광산구 사암로24번길",5
"87","광주광역시 광산구 사암로279번길",9
"88","광주광역시 광산구 사암로27번길",3
"89","광주광역시 광산구 사암로339번길",5
"90","광주광역시 광산구 사암로340번길",15
"91","광주광역시 광산구 사암로340번안길",8
"92","광주광역시 광산구 사암로383번길",6
"93","광주광역시 광산구 사암로390번길",30
"94","광주광역시 광산구 사암로69번길",1
"95","광주광역시 광산구 사암로92번길",14
"96","광주광역시 광산구 산월로",25
"97","광주광역시 광산구 산월로21번길",4
"98","광주광역시 광산구 산월로3번길",1
"99","광주광역시 광산구 산월로41번길",11
"100","광주광역시 광산구 산월로9번길",3
"101","광주광역시 광산구 산정공원로",42
"102","광주광역시 광산구 산정공원로10번길",1
"103","광주광역시 광산구 산정공원로28번길",3
"104","광주광역시 광산구 산정공원로2번길",5
"105","광주광역시 광산구 산정공원로42번길",1
"106","광주광역시 광산구 산정공원로50번길",5
"107","광주광역시 광산구 산정공원로59번길",3
"108","광주광역시 광산구 산정공원로60번길",5
"109","광주광역시 광산구 산정공원로71번길",7
"110","광주광역시 광산구 산정공원로72번길",1
"111","광주광역시 광산구 산정공원로81번길",2
"112","광주광역시 광산구 산정공원로82번길",11
"113","광주광역시 광산구 산정로",37
"114","광주광역시 광산구 산정로29번길",1
"115","광주광역시 광산구 산정로37번길",2
"116","광주광역시 광산구 산정로54번길",1
"117","광주광역시 광산구 산정로5번길",4
"118","광주광역시 광산구 산정로61번길",1
"119","광주광역시 광산구 산정로6번길",16
"120","광주광역시 광산구 삼도가산길",1
"121","광주광역시 광산구 삼도가산안길",1
"122","광주광역시 광산구 삼도로",8
"123","광주광역시 광산구 삼도중방길",5
"124","광주광역시 광산구 상도산길",3
"125","광주광역시 광산구 상도산길21번길",1
"126","광주광역시 광산구 상무대로",78
"127","광주광역시 광산구 상무대로205번길",2
"128","광주광역시 광산구 상무대로263번길",2
"129","광주광역시 광산구 상완길",2
"130","광주광역시 광산구 서도산길",2
"131","광주광역시 광산구 선운로",57
"132","광주광역시 광산구 선운로20번길",54
"133","광주광역시 광산구 선운로2번길",28
"134","광주광역시 광산구 선운중앙로",18
"135","광주광역시 광산구 선운중앙로67번길",3
"136","광주광역시 광산구 소촌로",27
"137","광주광역시 광산구 소촌로123번길",2
"138","광주광역시 광산구 소촌로152번길",21
"139","광주광역시 광산구 소촌로46번길",3
"140","광주광역시 광산구 소촌로64번길",2
"141","광주광역시 광산구 소촌로85번길",1
"142","광주광역시 광산구 소촌로86번길",7
"143","광주광역시 광산구 손재로",9
"144","광주광역시 광산구 손재로110번길",18
"145","광주광역시 광산구 송대길",1
"146","광주광역시 광산구 송도로",63
"147","광주광역시 광산구 송도로114번길",4
"148","광주광역시 광산구 송도로162번길",10
"149","광주광역시 광산구 송도로182번길",10
"150","광주광역시 광산구 송도로212번길",2
"151","광주광역시 광산구 송도로270번길",1
"152","광주광역시 광산구 송도로284번길",1
"153","광주광역시 광산구 송도로304번길",2
"154","광주광역시 광산구 송도로320번길",5
"155","광주광역시 광산구 송도로85번길",1
"156","광주광역시 광산구 송정공원로",2
"157","광주광역시 광산구 송정로",40
"158","광주광역시 광산구 송정로15번길",7
"159","광주광역시 광산구 송정로16번길",1
"160","광주광역시 광산구 송정로1번길",14
"161","광주광역시 광산구 송정로29번길",23
"162","광주광역시 광산구 송정로2번길",5
"163","광주광역시 광산구 송정로30번길",4
"164","광주광역시 광산구 송정로39번길",2
"165","광주광역시 광산구 송정로51번길",2
"166","광주광역시 광산구 송정로52번길",6
"167","광주광역시 광산구 송정로65번길",5
"168","광주광역시 광산구 송정로8번길",56
"169","광주광역시 광산구 송정외로",2
"170","광주광역시 광산구 송촌길",3
"171","광주광역시 광산구 수남길",1
"172","광주광역시 광산구 수등로",95
"173","광주광역시 광산구 수등로123번길",4
"174","광주광역시 광산구 수등로243번길",24
"175","광주광역시 광산구 수등로258번길",26
"176","광주광역시 광산구 수등로76번길",41
"177","광주광역시 광산구 수등로94번길",24
"178","광주광역시 광산구 수완로",48
"179","광주광역시 광산구 수완로106번길",7
"180","광주광역시 광산구 수완로10번길",5
"181","광주광역시 광산구 수완로11번길",7
"182","광주광역시 광산구 수완로11번안길",10
"183","광주광역시 광산구 수완로12번길",3
"184","광주광역시 광산구 수완로14번길",7
"185","광주광역시 광산구 수완로33번길",6
"186","광주광역시 광산구 수완로48번길",15
"187","광주광역시 광산구 수완로49번길",17
"188","광주광역시 광산구 수완로50번길",27
"189","광주광역시 광산구 수완로52번길",35
"190","광주광역시 광산구 수완로73번길",11
"191","광주광역시 광산구 수완로74번길",74
"192","광주광역시 광산구 수완로9번길",24
"193","광주광역시 광산구 시례동표산길",3
"194","광주광역시 광산구 신가로",9
"195","광주광역시 광산구 신가로3번길",2
"196","광주광역시 광산구 신가로40번길",2
"197","광주광역시 광산구 신가로4번길",1
"198","광주광역시 광산구 신가매결길",1
"199","광주광역시 광산구 신가번영로",12
"200","광주광역시 광산구 신가번영로14번길",2
"201","광주광역시 광산구 신가번영로24번길",9
"202","광주광역시 광산구 신가번영로33번길",1
"203","광주광역시 광산구 신가번영로34번길",9
"204","광주광역시 광산구 신가번영로47번길",1
"205","광주광역시 광산구 신가번영로56번길",1
"206","광주광역시 광산구 신가번영로8번길",4
"207","광주광역시 광산구 신가번영로9번안길",1
"208","광주광역시 광산구 신가삼효로",32
"209","광주광역시 광산구 신동산길",1
"210","광주광역시 광산구 신창동",1
"211","광주광역시 광산구 신창로",74
"212","광주광역시 광산구 신창로105번길",18
"213","광주광역시 광산구 신창로106번길",8
"214","광주광역시 광산구 신창로131번길",17
"215","광주광역시 광산구 신창로138번길",27
"216","광주광역시 광산구 신창로161번길",8
"217","광주광역시 광산구 신창로162번길",6
"218","광주광역시 광산구 신창로166번길",1
"219","광주광역시 광산구 신창로33번길",20
"220","광주광역시 광산구 신창로35번길",15
"221","광주광역시 광산구 신창로36번길",8
"222","광주광역시 광산구 신창로36번안길",2
"223","광주광역시 광산구 신창로48번길",8
"224","광주광역시 광산구 신창로71번길",14
"225","광주광역시 광산구 신창로72번길",49
"226","광주광역시 광산구 신창로86번길",16
"227","광주광역시 광산구 신흥동길",2
"228","광주광역시 광산구 신흥신기안길",1
"229","광주광역시 광산구 아산길",1
"230","광주광역시 광산구 아산길35번길",1
"231","광주광역시 광산구 앰코로",7
"232","광주광역시 광산구 어등대로",40
"233","광주광역시 광산구 어등대로233번길",1
"234","광주광역시 광산구 어등대로433번길",6
"235","광주광역시 광산구 어등대로531번길",1
"236","광주광역시 광산구 어등대로595번길",1
"237","광주광역시 광산구 어등대로647번길",2
"238","광주광역시 광산구 어등대로648번길",1
"239","광주광역시 광산구 어등대로648번안길",3
"240","광주광역시 광산구 어등대로653번길",4
"241","광주광역시 광산구 어등대로665번길",14
"242","광주광역시 광산구 여대길",11
"243","광주광역시 광산구 연계금곡길",1
"244","광주광역시 광산구 오룡동안길",1
"245","광주광역시 광산구 오목내길",1
"246","광주광역시 광산구 오운로",2
"247","광주광역시 광산구 왕버들로",53
"248","광주광역시 광산구 왕버들로132번길",3
"249","광주광역시 광산구 왕버들로251번길",17
"250","광주광역시 광산구 왕버들로252번길",25
"251","광주광역시 광산구 왕버들로265번길",15
"252","광주광역시 광산구 왕버들로289번길",7
"253","광주광역시 광산구 왕버들로290번길",5
"254","광주광역시 광산구 용동길",1
"255","광주광역시 광산구 용동길23번길",1
"256","광주광역시 광산구 용보로",7
"257","광주광역시 광산구 용보로27번길",2
"258","광주광역시 광산구 용보로51번길",1
"259","광주광역시 광산구 용봉길",1
"260","광주광역시 광산구 용아로",58
"261","광주광역시 광산구 용아로297번길",9
"262","광주광역시 광산구 용아로379번길",39
"263","광주광역시 광산구 용아로380번길",1
"264","광주광역시 광산구 용아로399번길",23
"265","광주광역시 광산구 용아로400번길",10
"266","광주광역시 광산구 용아로401번길",3
"267","광주광역시 광산구 용진로",10
"268","광주광역시 광산구 우산로",24
"269","광주광역시 광산구 우산로73번길",1
"270","광주광역시 광산구 우산로85번길",4
"271","광주광역시 광산구 우산로95번길",10
"272","광주광역시 광산구 우산로96번길",13
"273","광주광역시 광산구 원사호길",1
"274","광주광역시 광산구 월계로",119
"275","광주광역시 광산구 월계로118번길",19
"276","광주광역시 광산구 월계로130번길",12
"277","광주광역시 광산구 월계로140번길",4
"278","광주광역시 광산구 월계로150번길",7
"279","광주광역시 광산구 월계로22번길",2
"280","광주광역시 광산구 월계로34번길",2
"281","광주광역시 광산구 월곡로",47
"282","광주광역시 광산구 월곡로39번길",1
"283","광주광역시 광산구 월곡반월로",29
"284","광주광역시 광산구 월곡반월로16번길",2
"285","광주광역시 광산구 월곡반월로32번길",3
"286","광주광역시 광산구 월곡반월로48번길",3
"287","광주광역시 광산구 월곡산정로",51
"288","광주광역시 광산구 월곡중앙로",54
"289","광주광역시 광산구 월곡중앙로10번길",5
"290","광주광역시 광산구 월곡중앙로13번길",8
"291","광주광역시 광산구 월곡중앙로14번길",1
"292","광주광역시 광산구 월곡중앙로1번길",13
"293","광주광역시 광산구 월곡중앙로25번길",11
"294","광주광역시 광산구 월곡중앙로26번길",1
"295","광주광역시 광산구 월곡중앙로2번길",3
"296","광주광역시 광산구 월곡중앙로33번길",11
"297","광주광역시 광산구 월곡중앙로41번길",3
"298","광주광역시 광산구 월곡중앙로47번길",3
"299","광주광역시 광산구 월곡중앙로48번길",1
"300","광주광역시 광산구 월곡중앙로53번길",12
"301","광주광역시 광산구 월곡중앙로54번길",7
"302","광주광역시 광산구 월봉반월길",1
"303","광주광역시 광산구 월전로",6
"304","광주광역시 광산구 임곡내기길",1
"305","광주광역시 광산구 임곡두정길",1
"306","광주광역시 광산구 임곡로",15
"307","광주광역시 광산구 임곡연계길",1
"308","광주광역시 광산구 임방울대로",184
"309","광주광역시 광산구 임방울대로165번길",8
"310","광주광역시 광산구 임방울대로215번길",13
"311","광주광역시 광산구 임방울대로216번길",9
"312","광주광역시 광산구 임방울대로332번길",33
"313","광주광역시 광산구 임방울대로358번길",6
"314","광주광역시 광산구 임방울대로800번길",64
"315","광주광역시 광산구 임방울대로801번길",26
"316","광주광역시 광산구 임방울대로825번길",48
"317","광주광역시 광산구 임방울대로826번길",113
"318","광주광역시 광산구 장덕로",12
"319","광주광역시 광산구 장덕로137번길",4
"320","광주광역시 광산구 장덕로39번길",11
"321","광주광역시 광산구 장덕로40번길",13
"322","광주광역시 광산구 장덕로49번길",12
"323","광주광역시 광산구 장덕로50번길",4
"324","광주광역시 광산구 장덕로6번길",1
"325","광주광역시 광산구 장덕로95번길",9
"326","광주광역시 광산구 장록안길",1
"327","광주광역시 광산구 장수길",1
"328","광주광역시 광산구 장신로",147
"329","광주광역시 광산구 장신로147번길",23
"330","광주광역시 광산구 장신로148번길",12
"331","광주광역시 광산구 장신로19번길",15
"332","광주광역시 광산구 장신로19번안길",36
"333","광주광역시 광산구 장신로20번길",24
"334","광주광역시 광산구 장신로20번안길",38
"335","광주광역시 광산구 장신로265번길",11
"336","광주광역시 광산구 장신로266번길",7
"337","광주광역시 광산구 장신로50번길",21
"338","광주광역시 광산구 장신로64번길",16
"339","광주광역시 광산구 장신로82번길",4
"340","광주광역시 광산구 지로길",1
"341","광주광역시 광산구 지로길6번길",1
"342","광주광역시 광산구 진곡산단2번로",9
"343","광주광역시 광산구 진곡산단3번로",2
"344","광주광역시 광산구 진곡산단5번로",1
"345","광주광역시 광산구 진곡산단중앙로",1
"346","광주광역시 광산구 첨단강변로",7
"347","광주광역시 광산구 첨단강변로87번길",3
"348","광주광역시 광산구 첨단강변로99번길",34
"349","광주광역시 광산구 첨단과기로",3
"350","광주광역시 광산구 첨단내촌로",54
"351","광주광역시 광산구 첨단내촌로11번길",6
"352","광주광역시 광산구 첨단내촌로35번길",6
"353","광주광역시 광산구 첨단내촌로36번길",5
"354","광주광역시 광산구 첨단내촌로57번길",5
"355","광주광역시 광산구 첨단내촌로70번길",59
"356","광주광역시 광산구 첨단봉산안길",4
"357","광주광역시 광산구 첨단월봉로",7
"358","광주광역시 광산구 첨단중앙로",51
"359","광주광역시 광산구 첨단중앙로106번길",63
"360","광주광역시 광산구 첨단중앙로116번길",15
"361","광주광역시 광산구 첨단중앙로124번길",22
"362","광주광역시 광산구 첨단중앙로152번길",131
"363","광주광역시 광산구 첨단중앙로170번길",52
"364","광주광역시 광산구 첨단중앙로181번길",27
"365","광주광역시 광산구 첨단중앙로182번길",44
"366","광주광역시 광산구 첨단중앙로67번길",21
"367","광주광역시 광산구 첨단중앙로68번길",18
"368","광주광역시 광산구 체암로",1
"369","광주광역시 광산구 칠성하길",1
"370","광주광역시 광산구 침산안길",1
"371","광주광역시 광산구 평동금곡길",3
"372","광주광역시 광산구 평동로",43
"373","광주광역시 광산구 평동로1100번길",1
"374","광주광역시 광산구 평동로1115번길",2
"375","광주광역시 광산구 평동로1119번길",1
"376","광주광역시 광산구 평동로735번길",1
"377","광주광역시 광산구 평동로800번길",19
"378","광주광역시 광산구 평동로800번안길",1
"379","광주광역시 광산구 평동로803번길",3
"380","광주광역시 광산구 평동로803번안길",1
"381","광주광역시 광산구 평동로913번길",1
"382","광주광역시 광산구 평동산단1번로",3
"383","광주광역시 광산구 평동산단3번로",4
"384","광주광역시 광산구 평동산단로",10
"385","광주광역시 광산구 평동산단외로",1
"386","광주광역시 광산구 평동월곡길",1
"387","광주광역시 광산구 평촌길",2
"388","광주광역시 광산구 풍영로",67
"389","광주광역시 광산구 풍영로101번길",13
"390","광주광역시 광산구 풍영로101번안길",47
"391","광주광역시 광산구 풍영로145번길",11
"392","광주광역시 광산구 풍영로169번길",6
"393","광주광역시 광산구 풍영로170번길",2
"394","광주광역시 광산구 풍영로199번길",3
"395","광주광역시 광산구 풍영로200번길",29
"396","광주광역시 광산구 풍영로228번길",6
"397","광주광역시 광산구 풍영로229번길",6
"398","광주광역시 광산구 풍영로229번안길",2
"399","광주광역시 광산구 풍영로230번길",1
"400","광주광역시 광산구 풍영로329번길",7
"401","광주광역시 광산구 풍영로330번길",3
"402","광주광역시 광산구 풍영정길",17
"403","광주광역시 광산구 풍영철길로",48
"404","광주광역시 광산구 하남대로",47
"405","광주광역시 광산구 하남대로261번길",13
"406","광주광역시 광산구 하남대로54번길",6
"407","광주광역시 광산구 하남대로54번안길",62
"408","광주광역시 광산구 하남대로76번길",1
"409","광주광역시 광산구 하남산단10번로",1
"410","광주광역시 광산구 하남산단2번로",1
"411","광주광역시 광산구 하남산단3번로",4
"412","광주광역시 광산구 하남산단4번로",2
"413","광주광역시 광산구 하남산단5번로",1
"414","광주광역시 광산구 하남산단6번로",3
"415","광주광역시 광산구 하남산단8번로",4
"416","광주광역시 광산구 하남산단9번로",1
"417","광주광역시 광산구 하남지실길",8
"418","광주광역시 광산구 하남지실안길",1
"419","광주광역시 광산구 하림길",1
"420","광주광역시 광산구 하완길",2
"421","광주광역시 남구 경열로",1
"422","광주광역시 남구 경열로66번길",1
"423","광주광역시 남구 경열로76번길",8
"424","광주광역시 남구 경열로76번안길",1
"425","광주광역시 남구 경열로96번길",1
"426","광주광역시 남구 고싸움로",11
"427","광주광역시 남구 고싸움로152번길",2
"428","광주광역시 남구 광복마을1길",4
"429","광주광역시 남구 광복마을2길",1
"430","광주광역시 남구 광복마을3길",12
"431","광주광역시 남구 광복마을4길",8
"432","광주광역시 남구 광복마을5길",10
"433","광주광역시 남구 광복마을6길",6
"434","광주광역시 남구 광복마을7길",10
"435","광주광역시 남구 광복마을8길",3
"436","광주광역시 남구 광복마을길",40
"437","광주광역시 남구 구만산길",1
"438","광주광역시 남구 구성로",14
"439","광주광역시 남구 구성로20번길",1
"440","광주광역시 남구 구성로26번안길",1
"441","광주광역시 남구 구성로76번안길",1
"442","광주광역시 남구 구성로78번길",1
"443","광주광역시 남구 군분로",130
"444","광주광역시 남구 군분로104번길",1
"445","광주광역시 남구 군분로109번길",1
"446","광주광역시 남구 군분로120번길",1
"447","광주광역시 남구 군분로139번길",1
"448","광주광역시 남구 군분로140번길",2
"449","광주광역시 남구 군분로147번길",7
"450","광주광역시 남구 군분로148번길",6
"451","광주광역시 남구 군분로159번길",2
"452","광주광역시 남구 군분로160번길",2
"453","광주광역시 남구 군분로169번길",1
"454","광주광역시 남구 군분로23번길",11
"455","광주광역시 남구 군분로24번길",1
"456","광주광역시 남구 군분로33번길",15
"457","광주광역시 남구 군분로34번길",1
"458","광주광역시 남구 군분로42번길",9
"459","광주광역시 남구 군분로48번길",3
"460","광주광역시 남구 군분로52번길",2
"461","광주광역시 남구 군분로55번길",2
"462","광주광역시 남구 군분로5번길",1
"463","광주광역시 남구 군분로62번길",2
"464","광주광역시 남구 군분로65번길",2
"465","광주광역시 남구 군분로77번길",3
"466","광주광역시 남구 군분로81번길",1
"467","광주광역시 남구 군분로86번길",1
"468","광주광역시 남구 군분로90번길",5
"469","광주광역시 남구 군분로99번길",3
"470","광주광역시 남구 금당로",27
"471","광주광역시 남구 금당로1번길",3
"472","광주광역시 남구 금당로2길",3
"473","광주광역시 남구 금당로3길",1
"474","광주광역시 남구 금화로",19
"475","광주광역시 남구 금화로374번길",1
"476","광주광역시 남구 금화로376번길",1
"477","광주광역시 남구 금화로394번길",2
"478","광주광역시 남구 금화로421번길",3
"479","광주광역시 남구 금화로422번길",10
"480","광주광역시 남구 금화로440번길",4
"481","광주광역시 남구 금화로441번길",2
"482","광주광역시 남구 금화로446번길",2
"483","광주광역시 남구 금화로446번나길",1
"484","광주광역시 남구 금화로456번길",1
"485","광주광역시 남구 금화로470번길",2
"486","광주광역시 남구 김치로",10
"487","광주광역시 남구 노대실로",4
"488","광주광역시 남구 노대실로34번길",1
"489","광주광역시 남구 대남대로",49
"490","광주광역시 남구 대남대로107번길",13
"491","광주광역시 남구 대남대로117번길",2
"492","광주광역시 남구 대남대로127번길",4
"493","광주광역시 남구 대남대로139번길",5
"494","광주광역시 남구 대남대로149번길",11
"495","광주광역시 남구 대남대로159번길",20
"496","광주광역시 남구 대남대로171번길",10
"497","광주광역시 남구 대남대로181번길",8
"498","광주광역시 남구 대남대로193번길",13
"499","광주광역시 남구 대남대로203번길",13
"500","광주광역시 남구 대남대로223번길",3
"501","광주광역시 남구 대남대로237번길",3
"502","광주광역시 남구 대남대로247번안길",3
"503","광주광역시 남구 대남대로273번길",1
"504","광주광역시 남구 대남대로283번길",3
"505","광주광역시 남구 대남대로294번길",2
"506","광주광역시 남구 대남대로317번길",1
"507","광주광역시 남구 대남대로339번길",1
"508","광주광역시 남구 대남대로340번길",7
"509","광주광역시 남구 대남대로350번길",1
"510","광주광역시 남구 대남대로372번길",5
"511","광주광역시 남구 대남대로379번길",3
"512","광주광역시 남구 대남대로389번길",1
"513","광주광역시 남구 덕남길",5
"514","광주광역시 남구 덕림길",2
"515","광주광역시 남구 덕림남길",5
"516","광주광역시 남구 덕림중앙길",3
"517","광주광역시 남구 독립로",56
"518","광주광역시 남구 독립로10번길",10
"519","광주광역시 남구 독립로112번길",1
"520","광주광역시 남구 독립로15번길",3
"521","광주광역시 남구 독립로54번길",4
"522","광주광역시 남구 독립로79번길",1
"523","광주광역시 남구 독립로80번길",11
"524","광주광역시 남구 독립로99번길",1
"525","광주광역시 남구 방림로",17
"526","광주광역시 남구 백서로",32
"527","광주광역시 남구 백서로70번길",1
"528","광주광역시 남구 백양로",16
"529","광주광역시 남구 백양로39번길",2
"530","광주광역시 남구 백양로7번길",5
"531","광주광역시 남구 백운로",74
"532","광주광역시 남구 백운로34번길",1
"533","광주광역시 남구 백운로39번길",2
"534","광주광역시 남구 백운로44번길",1
"535","광주광역시 남구 백운로5번길",1
"536","광주광역시 남구 백운로75번가길",4
"537","광주광역시 남구 백운로75번길",2
"538","광주광역시 남구 백운로82번길",1
"539","광주광역시 남구 백운로99번길",3
"540","광주광역시 남구 봉선1로",57
"541","광주광역시 남구 봉선1로16번안길",3
"542","광주광역시 남구 봉선1로17번길",1
"543","광주광역시 남구 봉선1로25번길",1
"544","광주광역시 남구 봉선1로26번길",1
"545","광주광역시 남구 봉선1로36번길",2
"546","광주광역시 남구 봉선1로37번길",10
"547","광주광역시 남구 봉선1로47번길",16
"548","광주광역시 남구 봉선1로62번길",2
"549","광주광역시 남구 봉선1로62번안길",1
"550","광주광역시 남구 봉선1로73번길",5
"551","광주광역시 남구 봉선2로",79
"552","광주광역시 남구 봉선2로19번길",11
"553","광주광역시 남구 봉선로",109
"554","광주광역시 남구 봉선로121번길",2
"555","광주광역시 남구 봉선로122번길",2
"556","광주광역시 남구 봉선로133번길",10
"557","광주광역시 남구 봉선로144번길",1
"558","광주광역시 남구 봉선로175번길",6
"559","광주광역시 남구 봉선로186번길",2
"560","광주광역시 남구 봉선로19번길",18
"561","광주광역시 남구 봉선로25번길",4
"562","광주광역시 남구 봉선로51번길",4
"563","광주광역시 남구 봉선로79번길",9
"564","광주광역시 남구 봉선로84번길",2
"565","광주광역시 남구 봉선로9번길",13
"566","광주광역시 남구 봉선중길",2
"567","광주광역시 남구 봉선중앙로",118
"568","광주광역시 남구 봉선중앙로123번길",30
"569","광주광역시 남구 봉선중앙로124번길",4
"570","광주광역시 남구 봉선중앙로131번길",2
"571","광주광역시 남구 봉선중앙로134번길",4
"572","광주광역시 남구 봉선중앙로47번길",5
"573","광주광역시 남구 봉선중앙로67번길",7
"574","광주광역시 남구 봉선중앙로68번길",3
"575","광주광역시 남구 봉선중앙로82번길",1
"576","광주광역시 남구 봉선중앙로91번길",7
"577","광주광역시 남구 봉주2길",2
"578","광주광역시 남구 봉주7길",1
"579","광주광역시 남구 봉주길",4
"580","광주광역시 남구 불로마을길",3
"581","광주광역시 남구 사직길",10
"582","광주광역시 남구 산남로",1
"583","광주광역시 남구 서남길",1
"584","광주광역시 남구 서동로",5
"585","광주광역시 남구 서문대로",117
"586","광주광역시 남구 서문대로229번길",1
"587","광주광역시 남구 서문대로473번길",1
"588","광주광역시 남구 서문대로499번길",1
"589","광주광역시 남구 서문대로556번길",6
"590","광주광역시 남구 서문대로622번길",6
"591","광주광역시 남구 서문대로627번길",9
"592","광주광역시 남구 서문대로627번안길",7
"593","광주광역시 남구 서문대로654번길",5
"594","광주광역시 남구 서문대로663번길",24
"595","광주광역시 남구 서문대로701번길",8
"596","광주광역시 남구 서문대로749번가길",2
"597","광주광역시 남구 서문대로749번길",19
"598","광주광역시 남구 서문대로749번나길",1
"599","광주광역시 남구 서문대로749번라길",1
"600","광주광역시 남구 서문대로749번마길",1
"601","광주광역시 남구 서문대로751번길",3
"602","광주광역시 남구 서문대로801번길",1
"603","광주광역시 남구 서문대로817번길",2
"604","광주광역시 남구 서문대로823번길",3
"605","광주광역시 남구 서문대로824번길",3
"606","광주광역시 남구 서서평길",4
"607","광주광역시 남구 서오층석탑길",2
"608","광주광역시 남구 송암로",10
"609","광주광역시 남구 송암로24번길",1
"610","광주광역시 남구 송암로42번길",1
"611","광주광역시 남구 송암로76번길",1
"612","광주광역시 남구 송암로98번길",1
"613","광주광역시 남구 수박등로",7
"614","광주광역시 남구 수박등로5번길",3
"615","광주광역시 남구 신만산길",5
"616","광주광역시 남구 신장1안길",1
"617","광주광역시 남구 신효천2길",2
"618","광주광역시 남구 신효천3길",1
"619","광주광역시 남구 양림로",24
"620","광주광역시 남구 양촌길",1
"621","광주광역시 남구 오기원길",8
"622","광주광역시 남구 오방로",5
"623","광주광역시 남구 오방로109번길",1
"624","광주광역시 남구 옹정길",3
"625","광주광역시 남구 용대로",58
"626","광주광역시 남구 용대로119번길",3
"627","광주광역시 남구 용대로183번길",2
"628","광주광역시 남구 용대로183번안길",2
"629","광주광역시 남구 용대로53번길",17
"630","광주광역시 남구 원효천1길",1
"631","광주광역시 남구 월광길",4
"632","광주광역시 남구 월산로",33
"633","광주광역시 남구 월산로123번길",2
"634","광주광역시 남구 월산로151번길",17
"635","광주광역시 남구 월산로151번안길",2
"636","광주광역시 남구 월산로77번길",3
"637","광주광역시 남구 유안초등북1길",1
"638","광주광역시 남구 유안초등북2길",1
"639","광주광역시 남구 유안초등북길",14
"640","광주광역시 남구 임암길",3
"641","광주광역시 남구 입하1길",5
"642","광주광역시 남구 입하2길",1
"643","광주광역시 남구 입하길",3
"644","광주광역시 남구 정율성로",10
"645","광주광역시 남구 제석로",21
"646","광주광역시 남구 제석로80번길",12
"647","광주광역시 남구 제석로80번안길",2
"648","광주광역시 남구 제중로",28
"649","광주광역시 남구 제중로134번길",4
"650","광주광역시 남구 제중로46번길",4
"651","광주광역시 남구 제중로47번길",2
"652","광주광역시 남구 중앙로",26
"653","광주광역시 남구 중앙로107번길",1
"654","광주광역시 남구 중앙로110번길",3
"655","광주광역시 남구 중앙로24번길",1
"656","광주광역시 남구 중앙로50번길",3
"657","광주광역시 남구 중앙로95번안길",1
"658","광주광역시 남구 진다리로",13
"659","광주광역시 남구 진다리로24번길",2
"660","광주광역시 남구 진다리로39번길",5
"661","광주광역시 남구 진다리로40번길",4
"662","광주광역시 남구 진다리로52번길",1
"663","광주광역시 남구 진다리로6번길",1
"664","광주광역시 남구 진다리로6번나길",1
"665","광주광역시 남구 진제길",9
"666","광주광역시 남구 천변좌로",11
"667","광주광역시 남구 천변좌로338번길",5
"668","광주광역시 남구 천변좌로370번길",2
"669","광주광역시 남구 천변좌로382번길",2
"670","광주광역시 남구 천변좌로418번길",3
"671","광주광역시 남구 천변좌로552번길",3
"672","광주광역시 남구 천변좌로566번가길",1
"673","광주광역시 남구 천변좌로566번길",3
"674","광주광역시 남구 천변좌로566번다길",1
"675","광주광역시 남구 천변좌로586번길",1
"676","광주광역시 남구 큰방림길",2
"677","광주광역시 남구 판촌길",1
"678","광주광역시 남구 포충로",26
"679","광주광역시 남구 하지석길",1
"680","광주광역시 남구 행암길",2
"681","광주광역시 남구 행암도동길",1
"682","광주광역시 남구 화산로",21
"683","광주광역시 남구 화산로31번길",9
"684","광주광역시 남구 화산로31번안길",5
"685","광주광역시 남구 화산로73번길",6
"686","광주광역시 남구 화정로254번길",2
"687","광주광역시 남구 화정로260번길",4
"688","광주광역시 남구 화정로272번길",1
"689","광주광역시 남구 회서로",9
"690","광주광역시 남구 회서로11번길",8
"691","광주광역시 남구 회서로12번길",1
"692","광주광역시 남구 회서로21번가길",1
"693","광주광역시 남구 회서로21번길",3
"694","광주광역시 남구 회서로21번나길",1
"695","광주광역시 남구 회서로22번가길",3
"696","광주광역시 남구 회서로22번길",7
"697","광주광역시 남구 회서로22번나길",2
"698","광주광역시 남구 회서로22번다길",1
"699","광주광역시 남구 회서로51번길",1
"700","광주광역시 남구 회서로52번길",4
"701","광주광역시 남구 회재로",34
"702","광주광역시 남구 회재로1186번길",8
"703","광주광역시 남구 회재로1200번길",4
"704","광주광역시 남구 회재로1218번길",1
"705","광주광역시 남구 회재로1223번길",8
"706","광주광역시 남구 회재로1224번길",3
"707","광주광역시 남구 회재로1230번길",2
"708","광주광역시 남구 회재로1231번길",1
"709","광주광역시 남구 회재로1249번길",1
"710","광주광역시 남구 회재로1252번길",1
"711","광주광역시 남구 효덕로",91
"712","광주광역시 남구 효덕로300번길",6
"713","광주광역시 남구 효사랑길",12
"714","광주광역시 남구 효우2로",4
"715","광주광역시 남구 효우2로26번길",37
"716","광주광역시 남구 효우로",19
"717","광주광역시 남구 효우로130번길",2
"718","광주광역시 남구 효우로230번길",2
"719","광주광역시 남구 효우로60번길",6
"720","광주광역시 남구 효우로77번길",5
"721","광주광역시 남구 효우로93번길",15
"722","광주광역시 동구 갈마로",9
"723","광주광역시 동구 경양로",25
"724","광주광역시 동구 경양로224번길",1
"725","광주광역시 동구 경양로236번길",2
"726","광주광역시 동구 경양로243번길",4
"727","광주광역시 동구 경양로247번길",9
"728","광주광역시 동구 경양로248번길",1
"729","광주광역시 동구 경양로259번길",1
"730","광주광역시 동구 경양로277번길",4
"731","광주광역시 동구 경양로321번길",1
"732","광주광역시 동구 경양로339번길",1
"733","광주광역시 동구 경양로367번길",2
"734","광주광역시 동구 경양로379번길",2
"735","광주광역시 동구 계림로",1
"736","광주광역시 동구 계림로20번길",1
"737","광주광역시 동구 구성로",68
"738","광주광역시 동구 구성로148번길",1
"739","광주광역시 동구 구성로152번길",11
"740","광주광역시 동구 구성로194번길",19
"741","광주광역시 동구 구성로204번길",8
"742","광주광역시 동구 구성로238번길",2
"743","광주광역시 동구 금남로",68
"744","광주광역시 동구 금남로169번길",9
"745","광주광역시 동구 남계길",2
"746","광주광역시 동구 남문로",112
"747","광주광역시 동구 남문로567번길",1
"748","광주광역시 동구 남문로587번길",2
"749","광주광역시 동구 남문로622번길",2
"750","광주광역시 동구 남문로634번길",2
"751","광주광역시 동구 남문로644번길",1
"752","광주광역시 동구 남문로648번길",5
"753","광주광역시 동구 남문로693번길",5
"754","광주광역시 동구 남문로701번길",5
"755","광주광역시 동구 남문로713번길",6
"756","광주광역시 동구 남문로727번길",1
"757","광주광역시 동구 남문로744번길",1
"758","광주광역시 동구 남문로753번길",15
"759","광주광역시 동구 남문로754번길",4
"760","광주광역시 동구 녹동길",2
"761","광주광역시 동구 독립로",42
"762","광주광역시 동구 독립로226번길",2
"763","광주광역시 동구 독립로264번길",30
"764","광주광역시 동구 독립로368번길",1
"765","광주광역시 동구 동계로",13
"766","광주광역시 동구 동계로10번길",1
"767","광주광역시 동구 동계로12번길",1
"768","광주광역시 동구 동계로15번길",2
"769","광주광역시 동구 동계로1번길",2
"770","광주광역시 동구 동계로9번길",1
"771","광주광역시 동구 동계천로",110
"772","광주광역시 동구 동계천로43번길",2
"773","광주광역시 동구 동계천로53번길",4
"774","광주광역시 동구 동계천로5번길",1
"775","광주광역시 동구 동계천로6번길",15
"776","광주광역시 동구 동계천로95번길",2
"777","광주광역시 동구 동명로",44
"778","광주광역시 동구 동명로110번길",3
"779","광주광역시 동구 동명로14번길",10
"780","광주광역시 동구 동명로20번길",5
"781","광주광역시 동구 동명로25번길",8
"782","광주광역시 동구 동명로26번길",3
"783","광주광역시 동구 동명로67번길",9
"784","광주광역시 동구 동명로69번길",6
"785","광주광역시 동구 동명로70번길",1
"786","광주광역시 동구 동산길",2
"787","광주광역시 동구 동산길7번길",3
"788","광주광역시 동구 무등로",80
"789","광주광역시 동구 무등로304번길",5
"790","광주광역시 동구 무등로306번길",4
"791","광주광역시 동구 무등로307번길",23
"792","광주광역시 동구 무등로321번길",6
"793","광주광역시 동구 무등로333번길",1
"794","광주광역시 동구 무등로375번길",19
"795","광주광역시 동구 무등로384번길",5
"796","광주광역시 동구 무등로385번길",5
"797","광주광역시 동구 무등로415번길",7
"798","광주광역시 동구 무등로449번길",4
"799","광주광역시 동구 문화전당로",23
"800","광주광역시 동구 문화전당로16번길",1
"801","광주광역시 동구 문화전당로23번길",11
"802","광주광역시 동구 문화전당로26번길",9
"803","광주광역시 동구 문화전당로35번길",76
"804","광주광역시 동구 밤실로",46
"805","광주광역시 동구 밤실로116번길",1
"806","광주광역시 동구 밤실로120번길",1
"807","광주광역시 동구 밤실로20번길",1
"808","광주광역시 동구 밤실로30번길",3
"809","광주광역시 동구 밤실로43번길",1
"810","광주광역시 동구 밤실로4번길",1
"811","광주광역시 동구 백서로",44
"812","광주광역시 동구 백서로117번길",4
"813","광주광역시 동구 백서로119번길",2
"814","광주광역시 동구 백서로125번길",54
"815","광주광역시 동구 백서로137번길",2
"816","광주광역시 동구 백서로153번길",12
"817","광주광역시 동구 백서로166번길",9
"818","광주광역시 동구 백서로175번길",5
"819","광주광역시 동구 백서로176번길",5
"820","광주광역시 동구 백서로189번길",3
"821","광주광역시 동구 백서로197번길",1
"822","광주광역시 동구 산수길",2
"823","광주광역시 동구 산수길27번길",2
"824","광주광역시 동구 산수길35번길",1
"825","광주광역시 동구 산수길39번길",4
"826","광주광역시 동구 서남로",11
"827","광주광역시 동구 서남로33번길",5
"828","광주광역시 동구 서석로",58
"829","광주광역시 동구 서석로10번길",4
"830","광주광역시 동구 서석로7번길",31
"831","광주광역시 동구 서석로85번길",12
"832","광주광역시 동구 서암대로",4
"833","광주광역시 동구 선교로",7
"834","광주광역시 동구 성촌길",5
"835","광주광역시 동구 소태길",4
"836","광주광역시 동구 소태길3번길",1
"837","광주광역시 동구 양림로",43
"838","광주광역시 동구 양림로115번길",1
"839","광주광역시 동구 양림로119번길",12
"840","광주광역시 동구 예술길",26
"841","광주광역시 동구 예술길15번길",1
"842","광주광역시 동구 운림길",4
"843","광주광역시 동구 운림길75번길",1
"844","광주광역시 동구 의재로",78
"845","광주광역시 동구 의재로109번길",1
"846","광주광역시 동구 의재로136번길",25
"847","광주광역시 동구 의재로26번길",1
"848","광주광역시 동구 의재로33번길",2
"849","광주광역시 동구 의재로43번길",1
"850","광주광역시 동구 의재로82번길",1
"851","광주광역시 동구 의재로86번길",1
"852","광주광역시 동구 의재로96번길",1
"853","광주광역시 동구 장동로",64
"854","광주광역시 동구 장동로43번길",3
"855","광주광역시 동구 제봉로",99
"856","광주광역시 동구 제봉로110번길",24
"857","광주광역시 동구 제봉로140번길",2
"858","광주광역시 동구 제봉로158번길",1
"859","광주광역시 동구 제봉로178번길",3
"860","광주광역시 동구 제봉로17번길",59
"861","광주광역시 동구 제봉로184번길",16
"862","광주광역시 동구 제봉로190번길",14
"863","광주광역시 동구 제봉로194번길",20
"864","광주광역시 동구 제봉로200번길",7
"865","광주광역시 동구 제봉로212번길",2
"866","광주광역시 동구 제봉로213번길",6
"867","광주광역시 동구 제봉로222번길",17
"868","광주광역시 동구 제봉로82번길",14
"869","광주광역시 동구 제봉로98번길",7
"870","광주광역시 동구 준법로",10
"871","광주광역시 동구 중앙로",97
"872","광주광역시 동구 중앙로160번길",125
"873","광주광역시 동구 중앙로196번길",30
"874","광주광역시 동구 중앙로246번길",1
"875","광주광역시 동구 중앙로272번길",3
"876","광주광역시 동구 중앙로363번길",1
"877","광주광역시 동구 중흥로",1
"878","광주광역시 동구 중흥로209번길",1
"879","광주광역시 동구 중흥로213번길",3
"880","광주광역시 동구 증심사길",13
"881","광주광역시 동구 증심사길30번길",16
"882","광주광역시 동구 증심천로",13
"883","광주광역시 동구 증심천로33번길",1
"884","광주광역시 동구 지산로",62
"885","광주광역시 동구 지산로38번길",1
"886","광주광역시 동구 지산로63번길",2
"887","광주광역시 동구 지산로78번길",5
"888","광주광역시 동구 지산로85번길",2
"889","광주광역시 동구 지산로89번길",4
"890","광주광역시 동구 지원로",3
"891","광주광역시 동구 지원로5번길",5
"892","광주광역시 동구 지호로",62
"893","광주광역시 동구 지호로124번길",2
"894","광주광역시 동구 지호로127번길",6
"895","광주광역시 동구 지호로160번길",1
"896","광주광역시 동구 지호로164번길",7
"897","광주광역시 동구 지호로52번길",1
"898","광주광역시 동구 지호로70번길",2
"899","광주광역시 동구 참판로",5
"900","광주광역시 동구 참판로20번길",1
"901","광주광역시 동구 참판로26번길",1
"902","광주광역시 동구 천변우로",50
"903","광주광역시 동구 천변좌로",1
"904","광주광역시 동구 천변좌로604번길",5
"905","광주광역시 동구 천변좌로630번길",1
"906","광주광역시 동구 충장로",97
"907","광주광역시 동구 충장로22번길",4
"908","광주광역시 동구 충장로46번길",6
"909","광주광역시 동구 충장로58번길",6
"910","광주광역시 동구 충장로안길",45
"911","광주광역시 동구 필문대로",109
"912","광주광역시 동구 필문대로106번길",1
"913","광주광역시 동구 필문대로123번길",2
"914","광주광역시 동구 필문대로137번길",1
"915","광주광역시 동구 필문대로153번길",4
"916","광주광역시 동구 필문대로159번길",3
"917","광주광역시 동구 필문대로165번길",1
"918","광주광역시 동구 필문대로187번길",13
"919","광주광역시 동구 필문대로191번길",23
"920","광주광역시 동구 필문대로192번길",20
"921","광주광역시 동구 필문대로205번길",27
"922","광주광역시 동구 필문대로206번길",4
"923","광주광역시 동구 필문대로218번길",2
"924","광주광역시 동구 필문대로263번길",1
"925","광주광역시 동구 필문대로273번길",44
"926","광주광역시 동구 필문대로287번길",101
"927","광주광역시 동구 필문대로289번길",8
"928","광주광역시 동구 필문대로295번길",8
"929","광주광역시 동구 필문대로60번길",2
"930","광주광역시 동구 학동길",7
"931","광주광역시 동구 학동안길",1
"932","광주광역시 동구 학소로",24
"933","광주광역시 동구 학소로106번길",3
"934","광주광역시 동구 학소로42번길",1
"935","광주광역시 동구 학소로62번길",1
"936","광주광역시 동구 학소로76번길",3
"937","광주광역시 동구 학소로86번길",1
"938","광주광역시 동구 학소로92번길",1
"939","광주광역시 동구 화산로",7
"940","광주광역시 동구 화산로238번길",2
"941","광주광역시 동구 화산로350번길",1
"942","광주광역시 북구 각화대로",9
"943","광주광역시 북구 각화대로13번길",6
"944","광주광역시 북구 각화대로69번길",1
"945","광주광역시 북구 갈마로",12
"946","광주광역시 북구 감적길",5
"947","광주광역시 북구 감적길60번길",1
"948","광주광역시 북구 거진길",2
"949","광주광역시 북구 경양로",29
"950","광주광역시 북구 경양로103번길",1
"951","광주광역시 북구 경양로119번길",1
"952","광주광역시 북구 경양로135번길",1
"953","광주광역시 북구 경양로147번길",4
"954","광주광역시 북구 경양로165번길",3
"955","광주광역시 북구 경양로197번길",1
"956","광주광역시 북구 경양로87번길",1
"957","광주광역시 북구 경양로97번길",2
"958","광주광역시 북구 경열로",35
"959","광주광역시 북구 경열로173번길",1
"960","광주광역시 북구 경열로186번길",5
"961","광주광역시 북구 경열로211번길",2
"962","광주광역시 북구 경열로212번길",3
"963","광주광역시 북구 경열로233번길",3
"964","광주광역시 북구 경열로234번길",1
"965","광주광역시 북구 고사길",2
"966","광주광역시 북구 고운로",6
"967","광주광역시 북구 고운로13번길",1
"968","광주광역시 북구 고운로23번길",2
"969","광주광역시 북구 고운로5번길",1
"970","광주광역시 북구 군왕로",90
"971","광주광역시 북구 군왕로117번길",2
"972","광주광역시 북구 군왕로129번길",1
"973","광주광역시 북구 군왕로130번길",1
"974","광주광역시 북구 군왕로141번길",1
"975","광주광역시 북구 군왕로168번길",3
"976","광주광역시 북구 군왕로171번길",2
"977","광주광역시 북구 군왕로182번길",3
"978","광주광역시 북구 군왕로18번길",3
"979","광주광역시 북구 군왕로193번길",2
"980","광주광역시 북구 군왕로203번길",1
"981","광주광역시 북구 군왕로207번길",3
"982","광주광역시 북구 군왕로208번길",9
"983","광주광역시 북구 군왕로32번길",1
"984","광주광역시 북구 군왕로45번길",1
"985","광주광역시 북구 군왕로51번길",5
"986","광주광역시 북구 군왕로71번길",1
"987","광주광역시 북구 군왕로8번길",15
"988","광주광역시 북구 군왕로93번길",2
"989","광주광역시 북구 금곡한고샅길",1
"990","광주광역시 북구 금남로",10
"991","광주광역시 북구 금남로115번길",2
"992","광주광역시 북구 금남로131번길",11
"993","광주광역시 북구 금남로132번길",6
"994","광주광역시 북구 금녕길",8
"995","광주광역시 북구 금당마을길",4
"996","광주광역시 북구 금재로",8
"997","광주광역시 북구 금재로1번길",4
"998","광주광역시 북구 금재로29번길",3
"999","광주광역시 북구 금재로36번길",11
"1000","광주광역시 북구 금재로75번길",2
"1001","광주광역시 북구 금호로",51
"1002","광주광역시 북구 금호로120번길",1
"1003","광주광역시 북구 금호로40번길",2
"1004","광주광역시 북구 금호로6번길",1
"1005","광주광역시 북구 금호로86번길",4
"1006","광주광역시 북구 능안로",10
"1007","광주광역시 북구 능안로12번길",5
"1008","광주광역시 북구 능안로22번길",5
"1009","광주광역시 북구 닭뫼길",1
"1010","광주광역시 북구 당뫼로",12
"1011","광주광역시 북구 당뫼로13번길",1
"1012","광주광역시 북구 당뫼로39번길",1
"1013","광주광역시 북구 당뫼로4번길",2
"1014","광주광역시 북구 당뫼로8번길",1
"1015","광주광역시 북구 대자로",155
"1016","광주광역시 북구 대자로106번길",2
"1017","광주광역시 북구 대자로42번길",2
"1018","광주광역시 북구 대자로54번길",2
"1019","광주광역시 북구 대자실로",37
"1020","광주광역시 북구 대천로",87
"1021","광주광역시 북구 대천로139번길",14
"1022","광주광역시 북구 대천로157번길",7
"1023","광주광역시 북구 대천로169번길",4
"1024","광주광역시 북구 독립로",25
"1025","광주광역시 북구 독립로237번길",3
"1026","광주광역시 북구 독립로255번길",11
"1027","광주광역시 북구 독립로349번길",2
"1028","광주광역시 북구 독립로367번길",5
"1029","광주광역시 북구 독립로402번길",2
"1030","광주광역시 북구 동림용산로",17
"1031","광주광역시 북구 동문대로",113
"1032","광주광역시 북구 동문대로100번길",11
"1033","광주광역시 북구 동문대로10번길",5
"1034","광주광역시 북구 동문대로110번길",6
"1035","광주광역시 북구 동문대로111번길",1
"1036","광주광역시 북구 동문대로112번길",5
"1037","광주광역시 북구 동문대로121번길",1
"1038","광주광역시 북구 동문대로122번길",11
"1039","광주광역시 북구 동문대로134번길",15
"1040","광주광역시 북구 동문대로167번길",1
"1041","광주광역시 북구 동문대로168번길",7
"1042","광주광역시 북구 동문대로186번길",8
"1043","광주광역시 북구 동문대로191번길",7
"1044","광주광역시 북구 동문대로204번길",8
"1045","광주광역시 북구 동문대로248번길",7
"1046","광주광역시 북구 동문대로266번길",6
"1047","광주광역시 북구 동문대로65번길",1
"1048","광주광역시 북구 동문대로85번길",21
"1049","광주광역시 북구 동문대로86번길",5
"1050","광주광역시 북구 동문대로97번길",25
"1051","광주광역시 북구 동배마을길",2
"1052","광주광역시 북구 동운로",30
"1053","광주광역시 북구 동운로201번길",11
"1054","광주광역시 북구 동운로213번길",3
"1055","광주광역시 북구 두리봉길",4
"1056","광주광역시 북구 두리봉길5번길",1
"1057","광주광역시 북구 두방길",3
"1058","광주광역시 북구 두방길32번길",1
"1059","광주광역시 북구 두암동",1
"1060","광주광역시 북구 들자미길",1
"1061","광주광역시 북구 들재매길",2
"1062","광주광역시 북구 등촌길",2
"1063","광주광역시 북구 등촌길24번길",1
"1064","광주광역시 북구 매곡로",47
"1065","광주광역시 북구 매곡로69번길",7
"1066","광주광역시 북구 매곡로86번길",3
"1067","광주광역시 북구 매봉로",1
"1068","광주광역시 북구 면앙로",56
"1069","광주광역시 북구 면앙로121번길",33
"1070","광주광역시 북구 면앙로133번길",7
"1071","광주광역시 북구 면앙로139번길",13
"1072","광주광역시 북구 면앙로155번길",5
"1073","광주광역시 북구 면앙로156번길",10
"1074","광주광역시 북구 면앙로165번길",16
"1075","광주광역시 북구 면앙로170번길",1
"1076","광주광역시 북구 면앙로185번길",3
"1077","광주광역시 북구 면앙로192번길",3
"1078","광주광역시 북구 면앙로31번길",1
"1079","광주광역시 북구 면앙로32번길",8
"1080","광주광역시 북구 면앙로44번길",2
"1081","광주광역시 북구 면앙로6번길",16
"1082","광주광역시 북구 면앙로79번길",1
"1083","광주광역시 북구 면앙로89번길",1
"1084","광주광역시 북구 모룡대길",3
"1085","광주광역시 북구 모생마을길",1
"1086","광주광역시 북구 모생마을길1번길",3
"1087","광주광역시 북구 무등로",75
"1088","광주광역시 북구 무등로137번길",2
"1089","광주광역시 북구 무등로154번길",1
"1090","광주광역시 북구 무등로164번길",1
"1091","광주광역시 북구 무등로180번길",4
"1092","광주광역시 북구 무등로202번길",16
"1093","광주광역시 북구 무등로218번길",9
"1094","광주광역시 북구 무등로262번길",1
"1095","광주광역시 북구 무등로61번길",1
"1096","광주광역시 북구 무등로80번길",2
"1097","광주광역시 북구 무등로976번길",2
"1098","광주광역시 북구 무진성길",1
"1099","광주광역시 북구 무진성길32번길",2
"1100","광주광역시 북구 무진성길64번길",1
"1101","광주광역시 북구 문산로",94
"1102","광주광역시 북구 문산로62번길",4
"1103","광주광역시 북구 문산로74번길",10
"1104","광주광역시 북구 문산로92번길",2
"1105","광주광역시 북구 문화소통로",24
"1106","광주광역시 북구 문화소통로108번길",1
"1107","광주광역시 북구 문화소통로302번길",2
"1108","광주광역시 북구 민주로",3
"1109","광주광역시 북구 반룡로",11
"1110","광주광역시 북구 반룡로18번길",5
"1111","광주광역시 북구 반룡로27번길",13
"1112","광주광역시 북구 반룡로28번길",8
"1113","광주광역시 북구 반룡로41번길",4
"1114","광주광역시 북구 반룡로42번길",6
"1115","광주광역시 북구 반룡로5번길",3
"1116","광주광역시 북구 반룡로6번길",2
"1117","광주광역시 북구 밤실로",63
"1118","광주광역시 북구 밤실로167번길",3
"1119","광주광역시 북구 밤실로169번길",2
"1120","광주광역시 북구 밤실로181번길",2
"1121","광주광역시 북구 밤실로191번길",1
"1122","광주광역시 북구 밤실로208번길",13
"1123","광주광역시 북구 배재길",2
"1124","광주광역시 북구 버들로",7
"1125","광주광역시 북구 버들로19번길",4
"1126","광주광역시 북구 복룡길24번길",1
"1127","광주광역시 북구 복룡길30번길",1
"1128","광주광역시 북구 복룡길38번길",8
"1129","광주광역시 북구 본촌마을길",6
"1130","광주광역시 북구 본촌마을길102번길",1
"1131","광주광역시 북구 본촌택지로",2
"1132","광주광역시 북구 부남길",2
"1133","광주광역시 북구 부남길15번길",1
"1134","광주광역시 북구 북문대로",120
"1135","광주광역시 북구 북문대로103번길",27
"1136","광주광역시 북구 북문대로150번길",3
"1137","광주광역시 북구 북문대로159번길",30
"1138","광주광역시 북구 북문대로169번길",13
"1139","광주광역시 북구 북문대로170번길",1
"1140","광주광역시 북구 북문대로187번길",4
"1141","광주광역시 북구 북문대로19번길",14
"1142","광주광역시 북구 북문대로201번길",1
"1143","광주광역시 북구 북문대로232번길",11
"1144","광주광역시 북구 북문대로242번길",17
"1145","광주광역시 북구 북문대로247번길",8
"1146","광주광역시 북구 북문대로33번길",24
"1147","광주광역시 북구 북문대로42번길",1
"1148","광주광역시 북구 북문대로49번길",6
"1149","광주광역시 북구 북문대로98번길",15
"1150","광주광역시 북구 불태1로",1
"1151","광주광역시 북구 불태3로",1
"1152","광주광역시 북구 비엔날레로",57
"1153","광주광역시 북구 비엔날레로13번길",2
"1154","광주광역시 북구 비엔날레로42번길",1
"1155","광주광역시 북구 비엔날레로4번길",1
"1156","광주광역시 북구 비엔날레로82번길",3
"1157","광주광역시 북구 비엔날레로93번길",7
"1158","광주광역시 북구 삼소로",7
"1159","광주광역시 북구 삼정로",75
"1160","광주광역시 북구 삼정로120번길",2
"1161","광주광역시 북구 삼정로3번길",17
"1162","광주광역시 북구 삼정로66번길",5
"1163","광주광역시 북구 삼정로87번길",2
"1164","광주광역시 북구 삼정소로길",1
"1165","광주광역시 북구 상촌로",18
"1166","광주광역시 북구 상촌로15번길",1
"1167","광주광역시 북구 상촌로43번길",3
"1168","광주광역시 북구 생용길",4
"1169","광주광역시 북구 서강로",74
"1170","광주광역시 북구 서강로131번길",8
"1171","광주광역시 북구 서강로53번길",7
"1172","광주광역시 북구 서강로54번길",24
"1173","광주광역시 북구 서강로62번길",10
"1174","광주광역시 북구 서강로66번길",10
"1175","광주광역시 북구 서강로67번길",2
"1176","광주광역시 북구 서강로74번길",5
"1177","광주광역시 북구 서강로82번길",6
"1178","광주광역시 북구 서림로",40
"1179","광주광역시 북구 서림로100번길",3
"1180","광주광역시 북구 서림로81번길",3
"1181","광주광역시 북구 서방로",113
"1182","광주광역시 북구 서방로107번길",23
"1183","광주광역시 북구 서방로135번길",1
"1184","광주광역시 북구 서방로148번길",1
"1185","광주광역시 북구 서방로172번길",3
"1186","광주광역시 북구 서방로181번길",1
"1187","광주광역시 북구 서방로182번길",2
"1188","광주광역시 북구 서방로19번길",6
"1189","광주광역시 북구 서방로31번길",3
"1190","광주광역시 북구 서방로39번길",15
"1191","광주광역시 북구 서방로51번길",2
"1192","광주광역시 북구 서방로63번길",16
"1193","광주광역시 북구 서방로68번길",1
"1194","광주광역시 북구 서방로73번길",12
"1195","광주광역시 북구 서방로76번길",2
"1196","광주광역시 북구 서방로81번길",11
"1197","광주광역시 북구 서방로9번길",11
"1198","광주광역시 북구 서암대로",58
"1199","광주광역시 북구 서암대로100번길",1
"1200","광주광역시 북구 서암대로120번길",2
"1201","광주광역시 북구 서암대로132번길",1
"1202","광주광역시 북구 서암대로159번길",2
"1203","광주광역시 북구 서암대로18번길",1
"1204","광주광역시 북구 서암대로208번길",1
"1205","광주광역시 북구 서암대로223번길",1
"1206","광주광역시 북구 서암대로274번길",1
"1207","광주광역시 북구 서암대로305번길",8
"1208","광주광역시 북구 서암대로315번길",5
"1209","광주광역시 북구 서암대로76번길",1
"1210","광주광역시 북구 서양로",47
"1211","광주광역시 북구 서양로41번길",4
"1212","광주광역시 북구 서하로",178
"1213","광주광역시 북구 서하로106번길",3
"1214","광주광역시 북구 서하로183번길",11
"1215","광주광역시 북구 서하로194번길",16
"1216","광주광역시 북구 서하로214번길",5
"1217","광주광역시 북구 서하로233번길",4
"1218","광주광역시 북구 서하로245번길",3
"1219","광주광역시 북구 서하로257번길",5
"1220","광주광역시 북구 서하로274번길",2
"1221","광주광역시 북구 서하로316번길",1
"1222","광주광역시 북구 서하로355번길",6
"1223","광주광역시 북구 서하로94번길",4
"1224","광주광역시 북구 석곡로",16
"1225","광주광역시 북구 설죽로",231
"1226","광주광역시 북구 설죽로126번길",3
"1227","광주광역시 북구 설죽로171번길",2
"1228","광주광역시 북구 설죽로196번길",5
"1229","광주광역시 북구 설죽로202번길",36
"1230","광주광역시 북구 설죽로214번길",57
"1231","광주광역시 북구 설죽로217번길",34
"1232","광주광역시 북구 설죽로251번길",21
"1233","광주광역시 북구 설죽로279번길",2
"1234","광주광역시 북구 설죽로315번길",19
"1235","광주광역시 북구 설죽로320번길",15
"1236","광주광역시 북구 설죽로348번길",3
"1237","광주광역시 북구 설죽로355번길",1
"1238","광주광역시 북구 설죽로370번길",18
"1239","광주광역시 북구 설죽로389번길",16
"1240","광주광역시 북구 설죽로404번길",3
"1241","광주광역시 북구 설죽로415번길",3
"1242","광주광역시 북구 설죽로440번길",2
"1243","광주광역시 북구 설죽로455번길",4
"1244","광주광역시 북구 설죽로471번길",16
"1245","광주광역시 북구 송강로",5
"1246","광주광역시 북구 송강로35번길",2
"1247","광주광역시 북구 송월로",8
"1248","광주광역시 북구 송월로20번길",3
"1249","광주광역시 북구 송월로30번길",4
"1250","광주광역시 북구 송월로39번길",1
"1251","광주광역시 북구 송월로40번길",4
"1252","광주광역시 북구 송월로50번길",3
"1253","광주광역시 북구 송월로58번길",2
"1254","광주광역시 북구 송해로",73
"1255","광주광역시 북구 송해로39번길",4
"1256","광주광역시 북구 송해로40번길",1
"1257","광주광역시 북구 송해로4번길",2
"1258","광주광역시 북구 송해로58번길",16
"1259","광주광역시 북구 수곡마을로",1
"1260","광주광역시 북구 수리마을길",1
"1261","광주광역시 북구 신용산길",2
"1262","광주광역시 북구 신임로",9
"1263","광주광역시 북구 신임로31번길",4
"1264","광주광역시 북구 신임로32번길",2
"1265","광주광역시 북구 신촌로",5
"1266","광주광역시 북구 신촌로23번길",5
"1267","광주광역시 북구 신촌샛강길",2
"1268","광주광역시 북구 신흥로",4
"1269","광주광역시 북구 신흥로27번길",1
"1270","광주광역시 북구 안산로",104
"1271","광주광역시 북구 앰코로",11
"1272","광주광역시 북구 양산로",92
"1273","광주광역시 북구 양산로71번길",5
"1274","광주광역시 북구 양산신촌길",8
"1275","광주광역시 북구 양산제로",16
"1276","광주광역시 북구 양산제로137번길",7
"1277","광주광역시 북구 양산택지로",75
"1278","광주광역시 북구 양산택지로121번길",1
"1279","광주광역시 북구 양산택지로33번길",5
"1280","광주광역시 북구 양산택지로34번길",8
"1281","광주광역시 북구 양산택지로37번길",15
"1282","광주광역시 북구 양산택지로51번길",6
"1283","광주광역시 북구 양산택지로79번길",6
"1284","광주광역시 북구 양산택지소로",6
"1285","광주광역시 북구 양일1로",3
"1286","광주광역시 북구 양일로",45
"1287","광주광역시 북구 양일로305번길",30
"1288","광주광역시 북구 양일로343번길",6
"1289","광주광역시 북구 양일로344번길",2
"1290","광주광역시 북구 양지마을길",4
"1291","광주광역시 북구 어매마을길",3
"1292","광주광역시 북구 어매마을길17번길",3
"1293","광주광역시 북구 연양로",24
"1294","광주광역시 북구 연양로105번길",8
"1295","광주광역시 북구 연양로20번길",2
"1296","광주광역시 북구 연양로28번길",5
"1297","광주광역시 북구 연양로40번길",6
"1298","광주광역시 북구 연양로67번길",17
"1299","광주광역시 북구 연양로7번길",6
"1300","광주광역시 북구 연양로81번길",2
"1301","광주광역시 북구 오문로",1
"1302","광주광역시 북구 오산정길",3
"1303","광주광역시 북구 오산정길19번길",5
"1304","광주광역시 북구 와우로19번길",1
"1305","광주광역시 북구 용두택지로",8
"1306","광주광역시 북구 용봉로",39
"1307","광주광역시 북구 용봉로126번길",5
"1308","광주광역시 북구 용봉로138번길",6
"1309","광주광역시 북구 용봉택지로",85
"1310","광주광역시 북구 용봉택지로13번길",7
"1311","광주광역시 북구 용산마을길",7
"1312","광주광역시 북구 용전마을길",8
"1313","광주광역시 북구 용전마을길35번길",2
"1314","광주광역시 북구 용전마을길67번길",1
"1315","광주광역시 북구 용주로",11
"1316","광주광역시 북구 용주로18번길",2
"1317","광주광역시 북구 용주로30번길",55
"1318","광주광역시 북구 용주로40번길",7
"1319","광주광역시 북구 용주로8번길",3
"1320","광주광역시 북구 우곡길",1
"1321","광주광역시 북구 우치로",158
"1322","광주광역시 북구 우치로100번길",58
"1323","광주광역시 북구 우치로110번길",20
"1324","광주광역시 북구 우치로126번길",7
"1325","광주광역시 북구 우치로228번길",13
"1326","광주광역시 북구 우치로231번길",21
"1327","광주광역시 북구 우치로238번길",2
"1328","광주광역시 북구 우치로241번길",25
"1329","광주광역시 북구 우치로257번길",5
"1330","광주광역시 북구 우치로264번길",4
"1331","광주광역시 북구 우치로274번길",4
"1332","광주광역시 북구 우치로275번길",6
"1333","광주광역시 북구 우치로27번길",14
"1334","광주광역시 북구 우치로2번길",2
"1335","광주광역시 북구 우치로311번길",1
"1336","광주광역시 북구 우치로331번길",15
"1337","광주광역시 북구 우치로347번길",2
"1338","광주광역시 북구 우치로383번길",7
"1339","광주광역시 북구 우치로422번길",4
"1340","광주광역시 북구 우치로458번길",2
"1341","광주광역시 북구 우치로537번길",5
"1342","광주광역시 북구 우치로64번길",5
"1343","광주광역시 북구 우치로880번길",1
"1344","광주광역시 북구 우치로90번길",45
"1345","광주광역시 북구 운신남길",3
"1346","광주광역시 북구 운용로",22
"1347","광주광역시 북구 운용로95번길",14
"1348","광주광역시 북구 월동로",20
"1349","광주광역시 북구 유동길",1
"1350","광주광역시 북구 유림로",30
"1351","광주광역시 북구 유림로160번길",7
"1352","광주광역시 북구 일곡로",11
"1353","광주광역시 북구 일곡로41번길",1
"1354","광주광역시 북구 일곡로49번길",2
"1355","광주광역시 북구 일곡마을로",68
"1356","광주광역시 북구 일곡마을로102번길",1
"1357","광주광역시 북구 일곡마을로111번길",2
"1358","광주광역시 북구 일곡마을로116번길",4
"1359","광주광역시 북구 일곡마을로124번길",1
"1360","광주광역시 북구 일곡마을로152번길",3
"1361","광주광역시 북구 일곡택지로",28
"1362","광주광역시 북구 일곡택지로53번길",4
"1363","광주광역시 북구 일곡택지로99번길",4
"1364","광주광역시 북구 임동로",1
"1365","광주광역시 북구 임방울대로",8
"1366","광주광역시 북구 임방울대로1041번길",9
"1367","광주광역시 북구 임방울대로1042번길",15
"1368","광주광역시 북구 임유길3번길",1
"1369","광주광역시 북구 임유길5번길",1
"1370","광주광역시 북구 자동차로",14
"1371","광주광역시 북구 자동차로47번길",3
"1372","광주광역시 북구 자동차로48번길",1
"1373","광주광역시 북구 자라봉로",9
"1374","광주광역시 북구 자미로",27
"1375","광주광역시 북구 자미로26번길",1
"1376","광주광역시 북구 자미로39번길",1
"1377","광주광역시 북구 자미로66번길",19
"1378","광주광역시 북구 자미로6번길",5
"1379","광주광역시 북구 자산로",6
"1380","광주광역시 북구 자산로39번길",1
"1381","광주광역시 북구 장등길112번길",1
"1382","광주광역시 북구 장운길",4
"1383","광주광역시 북구 저불로",78
"1384","광주광역시 북구 저불로31번길",7
"1385","광주광역시 북구 저불로39번길",11
"1386","광주광역시 북구 저불로69번길",39
"1387","광주광역시 북구 저불로70번길",1
"1388","광주광역시 북구 저불로73번길",7
"1389","광주광역시 북구 저불로91번길",1
"1390","광주광역시 북구 제봉로",8
"1391","광주광역시 북구 죽곡길",3
"1392","광주광역시 북구 죽림마을길1번길",1
"1393","광주광역시 북구 죽봉대로",7
"1394","광주광역시 북구 중가로",19
"1395","광주광역시 북구 중가로37번길",3
"1396","광주광역시 북구 중가로3번길",2
"1397","광주광역시 북구 중가로51번길",19
"1398","광주광역시 북구 중가로65번길",8
"1399","광주광역시 북구 중가로75번길",1
"1400","광주광역시 북구 중가로85번길",1
"1401","광주광역시 북구 중문로",24
"1402","광주광역시 북구 중문로10번길",7
"1403","광주광역시 북구 중문로20번길",1
"1404","광주광역시 북구 중문로30번길",1
"1405","광주광역시 북구 중문로83번길",1
"1406","광주광역시 북구 중문로84번길",3
"1407","광주광역시 북구 중문로88번길",1
"1408","광주광역시 북구 중문로9번길",9
"1409","광주광역시 북구 중외길",6
"1410","광주광역시 북구 중외길17번길",1
"1411","광주광역시 북구 중외길25번길",2
"1412","광주광역시 북구 중흥로",54
"1413","광주광역시 북구 중흥로140번길",1
"1414","광주광역시 북구 중흥로163번길",1
"1415","광주광역시 북구 중흥로173번길",1
"1416","광주광역시 북구 중흥로40번길",1
"1417","광주광역시 북구 중흥로73번길",1
"1418","광주광역시 북구 중흥로7번길",1
"1419","광주광역시 북구 중흥로83번길",2
"1420","광주광역시 북구 중흥로91번길",3
"1421","광주광역시 북구 참판로",30
"1422","광주광역시 북구 천변우로",8
"1423","광주광역시 북구 천변우로257번길",6
"1424","광주광역시 북구 천변우로283번길",6
"1425","광주광역시 북구 천변우로79번길",1
"1426","광주광역시 북구 천지인로",13
"1427","광주광역시 북구 천지인로105번길",1
"1428","광주광역시 북구 천지인로115번길",4
"1429","광주광역시 북구 천지인로173번길",5
"1430","광주광역시 북구 첨단과기로",11
"1431","광주광역시 북구 첨단과기로176번길",1
"1432","광주광역시 북구 첨단과기로208번길",2
"1433","광주광역시 북구 첨단벤처로",5
"1434","광주광역시 북구 첨단벤처로108번길",2
"1435","광주광역시 북구 첨단벤처소로",1
"1436","광주광역시 북구 첨단벤처소로38번길",1
"1437","광주광역시 북구 첨단연신로",39
"1438","광주광역시 북구 첨단연신로107번길",69
"1439","광주광역시 북구 첨단연신로108번길",54
"1440","광주광역시 북구 첨단연신로133번길",24
"1441","광주광역시 북구 첨단연신로29번길",1
"1442","광주광역시 북구 첨단연신로91번길",50
"1443","광주광역시 북구 청계로",17
"1444","광주광역시 북구 초당로7번길",1
"1445","광주광역시 북구 추암로",2
"1446","광주광역시 북구 충효샘길",7
"1447","광주광역시 북구 치촌마을길",1
"1448","광주광역시 북구 탁영로",23
"1449","광주광역시 북구 탁영로15번길",2
"1450","광주광역시 북구 태령학림길",1
"1451","광주광역시 북구 태령학림길16번길",1
"1452","광주광역시 북구 태봉로",21
"1453","광주광역시 북구 평교로",19
"1454","광주광역시 북구 평교로18번길",8
"1455","광주광역시 북구 평교로29번길",1
"1456","광주광역시 북구 평교로30번길",2
"1457","광주광역시 북구 평촌길",1
"1458","광주광역시 북구 풍동길",11
"1459","광주광역시 북구 풍동길10번길",8
"1460","광주광역시 북구 필문대로",8
"1461","광주광역시 북구 필문대로11번길",2
"1462","광주광역시 북구 하남대로",16
"1463","광주광역시 북구 하남대로769번길",1
"1464","광주광역시 북구 하남대로775번길",1
"1465","광주광역시 북구 하남대로793번길",4
"1466","광주광역시 북구 하남대로819번길",1
"1467","광주광역시 북구 하남대로833번길",1
"1468","광주광역시 북구 하백로",17
"1469","광주광역시 북구 하백로46번길",1
"1470","광주광역시 북구 하백로5번길",1
"1471","광주광역시 북구 하백로6번길",7
"1472","광주광역시 북구 하서로",102
"1473","광주광역시 북구 하서로229번길",3
"1474","광주광역시 북구 하서로241번길",1
"1475","광주광역시 북구 하서로322번길",7
"1476","광주광역시 북구 하서로339번길",7
"1477","광주광역시 북구 하서로423번길",15
"1478","광주광역시 북구 하서로466번길",3
"1479","광주광역시 북구 하서로483번길",5
"1480","광주광역시 북구 하서로523번길",3
"1481","광주광역시 북구 하서로672번길",4
"1482","광주광역시 북구 향토문화로",20
"1483","광주광역시 북구 향토문화로12번길",1
"1484","광주광역시 북구 향토문화로2번길",3
"1485","광주광역시 북구 호동로",88
"1486","광주광역시 북구 호동로15번길",25
"1487","광주광역시 북구 호동로34번길",1
"1488","광주광역시 북구 호동로43번길",26
"1489","광주광역시 북구 호동로63번길",9
"1490","광주광역시 북구 호동로75번길",5
"1491","광주광역시 북구 호동로79번길",6
"1492","광주광역시 북구 황계로",23
"1493","광주광역시 북구 황계로55번길",30
"1494","광주광역시 북구 효산로",5
"1495","광주광역시 북구 효산로20번길",7
"1496","광주광역시 북구 효열로",6
"1497","광주광역시 북구 효열로35번길",3
"1498","광주광역시 북구 효죽로",1
"1499","광주광역시 서구 개산길",4
"1500","광주광역시 서구 경열로",30
"1501","광주광역시 서구 경열로143번길",1
"1502","광주광역시 서구 경열로14번길",2
"1503","광주광역시 서구 경열로26번길",2
"1504","광주광역시 서구 경열로45번길",1
"1505","광주광역시 서구 경열로54번길",2
"1506","광주광역시 서구 경열로66번길",5
"1507","광주광역시 서구 경열로75번길",6
"1508","광주광역시 서구 경열로76번길",5
"1509","광주광역시 서구 계수로",29
"1510","광주광역시 서구 계수로51번길",6
"1511","광주광역시 서구 계수로52번길",2
"1512","광주광역시 서구 계수로59번길",4
"1513","광주광역시 서구 계수로73번길",2
"1514","광주광역시 서구 계수로77번길",3
"1515","광주광역시 서구 광천1길",2
"1516","광주광역시 서구 광천2길",4
"1517","광주광역시 서구 광천시장길",1
"1518","광주광역시 서구 구성로",20
"1519","광주광역시 서구 구성로19번길",1
"1520","광주광역시 서구 구성로49번길",4
"1521","광주광역시 서구 구성로57번길",1
"1522","광주광역시 서구 구성로93번길",5
"1523","광주광역시 서구 군분2로",33
"1524","광주광역시 서구 군분2로15번길",7
"1525","광주광역시 서구 군분2로5번길",20
"1526","광주광역시 서구 군분로",32
"1527","광주광역시 서구 군분로129번길",1
"1528","광주광역시 서구 군분로139번길",9
"1529","광주광역시 서구 군분로147번길",10
"1530","광주광역시 서구 군분로159번길",4
"1531","광주광역시 서구 군분로169번길",5
"1532","광주광역시 서구 군분로179번길",8
"1533","광주광역시 서구 군분로212번길",1
"1534","광주광역시 서구 군분로221번길",1
"1535","광주광역시 서구 군분로222번길",4
"1536","광주광역시 서구 군분로229번길",1
"1537","광주광역시 서구 군분로235번길",2
"1538","광주광역시 서구 군분로245번길",3
"1539","광주광역시 서구 금부로",18
"1540","광주광역시 서구 금부로103번길",3
"1541","광주광역시 서구 금부로85번길",3
"1542","광주광역시 서구 금부로95번길",21
"1543","광주광역시 서구 금부로99번길",6
"1544","광주광역시 서구 금호만호길",1
"1545","광주광역시 서구 금호심곡길",5
"1546","광주광역시 서구 금호운천길",17
"1547","광주광역시 서구 금화로",99
"1548","광주광역시 서구 금화로103번길",16
"1549","광주광역시 서구 금화로115번길",4
"1550","광주광역시 서구 금화로149번길",10
"1551","광주광역시 서구 금화로383번길",10
"1552","광주광역시 서구 금화로393번길",1
"1553","광주광역시 서구 금화로481번길",1
"1554","광주광역시 서구 금화로482번길",2
"1555","광주광역시 서구 금화로492번길",10
"1556","광주광역시 서구 금화로59번길",5
"1557","광주광역시 서구 금화로73번길",43
"1558","광주광역시 서구 금화로85번길",92
"1559","광주광역시 서구 내방로",75
"1560","광주광역시 서구 내방로157번길",2
"1561","광주광역시 서구 내방로161번길",11
"1562","광주광역시 서구 내방로165번길",7
"1563","광주광역시 서구 내방로209번길",6
"1564","광주광역시 서구 내방로211번길",5
"1565","광주광역시 서구 내방로216번길",1
"1566","광주광역시 서구 내방로230번길",2
"1567","광주광역시 서구 내방로240번길",1
"1568","광주광역시 서구 내방로241번길",2
"1569","광주광역시 서구 내방로246번길",8
"1570","광주광역시 서구 내방로251번길",4
"1571","광주광역시 서구 내방로252번길",6
"1572","광주광역시 서구 내방로278번길",1
"1573","광주광역시 서구 내방로306번길",12
"1574","광주광역시 서구 내방로338번길",1
"1575","광주광역시 서구 내방로343번길",3
"1576","광주광역시 서구 내방로350번길",6
"1577","광주광역시 서구 내방로353번길",20
"1578","광주광역시 서구 내방로418번길",4
"1579","광주광역시 서구 내방마을1길",1
"1580","광주광역시 서구 내방마을2길",2
"1581","광주광역시 서구 눌재로",6
"1582","광주광역시 서구 대남대로",10
"1583","광주광역시 서구 대남대로450번길",5
"1584","광주광역시 서구 대남대로461번길",2
"1585","광주광역시 서구 대남대로462번길",3
"1586","광주광역시 서구 대남대로487번길",4
"1587","광주광역시 서구 덕흥1길",1
"1588","광주광역시 서구 독립로",9
"1589","광주광역시 서구 독립로185번길",4
"1590","광주광역시 서구 독립로188번길",2
"1591","광주광역시 서구 독립로190번길",1
"1592","광주광역시 서구 독립로194번길",1
"1593","광주광역시 서구 독립로204번길",3
"1594","광주광역시 서구 동림2지구길",10
"1595","광주광역시 서구 동천로",9
"1596","광주광역시 서구 동천로10번길",22
"1597","광주광역시 서구 동천로18번길",18
"1598","광주광역시 서구 동하길",2
"1599","광주광역시 서구 마륵로",29
"1600","광주광역시 서구 마륵벽진길",2
"1601","광주광역시 서구 마륵복개로",37
"1602","광주광역시 서구 마륵복개로150번길",5
"1603","광주광역시 서구 마재로",13
"1604","광주광역시 서구 매월1로",9
"1605","광주광역시 서구 매월1로49번길",3
"1606","광주광역시 서구 매월1로57번길",1
"1607","광주광역시 서구 매월1로62번길",3
"1608","광주광역시 서구 매월2로",18
"1609","광주광역시 서구 매월2로15번길",16
"1610","광주광역시 서구 매월4로",1
"1611","광주광역시 서구 무진대로",119
"1612","광주광역시 서구 무진대로903번길",2
"1613","광주광역시 서구 무진대로963번길",2
"1614","광주광역시 서구 무진대로971번길",2
"1615","광주광역시 서구 발산로",10
"1616","광주광역시 서구 발산로25번길",1
"1617","광주광역시 서구 발산로45번길",1
"1618","광주광역시 서구 백석길",2
"1619","광주광역시 서구 북촌길",2
"1620","광주광역시 서구 사동길",4
"1621","광주광역시 서구 상무공원로",34
"1622","광주광역시 서구 상무누리로",21
"1623","광주광역시 서구 상무대로",140
"1624","광주광역시 서구 상무대로1005번길",14
"1625","광주광역시 서구 상무대로1019번길",1
"1626","광주광역시 서구 상무대로1057번길",3
"1627","광주광역시 서구 상무대로1066번길",1
"1628","광주광역시 서구 상무대로1080번길",4
"1629","광주광역시 서구 상무대로1081번길",29
"1630","광주광역시 서구 상무대로1224번길",3
"1631","광주광역시 서구 상무대로673번길",1
"1632","광주광역시 서구 상무대로695번길",2
"1633","광주광역시 서구 상무대로867번길",27
"1634","광주광역시 서구 상무대로868번길",48
"1635","광주광역시 서구 상무대로876번길",11
"1636","광주광역시 서구 상무대로884번길",10
"1637","광주광역시 서구 상무대로902번길",1
"1638","광주광역시 서구 상무대로911번길",2
"1639","광주광역시 서구 상무대로916번길",11
"1640","광주광역시 서구 상무대로935번길",2
"1641","광주광역시 서구 상무대로955번길",13
"1642","광주광역시 서구 상무대로956번길",2
"1643","광주광역시 서구 상무대로967번길",1
"1644","광주광역시 서구 상무민주로",41
"1645","광주광역시 서구 상무민주로123번길",4
"1646","광주광역시 서구 상무민주로32번길",11
"1647","광주광역시 서구 상무민주로5번길",5
"1648","광주광역시 서구 상무민주로64번길",14
"1649","광주광역시 서구 상무민주로6번길",453
"1650","광주광역시 서구 상무민주로76번길",23
"1651","광주광역시 서구 상무버들로",30
"1652","광주광역시 서구 상무버들로16번길",5
"1653","광주광역시 서구 상무버들로40번길",9
"1654","광주광역시 서구 상무버들로53번길",3
"1655","광주광역시 서구 상무버들로54번길",4
"1656","광주광역시 서구 상무번영로",54
"1657","광주광역시 서구 상무시민로",43
"1658","광주광역시 서구 상무연하로",150
"1659","광주광역시 서구 상무오월로",19
"1660","광주광역시 서구 상무오월로15번길",12
"1661","광주광역시 서구 상무오월로19번길",4
"1662","광주광역시 서구 상무오월로29번길",8
"1663","광주광역시 서구 상무오월로38번길",1
"1664","광주광역시 서구 상무오월로3번길",40
"1665","광주광역시 서구 상무오월로43번길",3
"1666","광주광역시 서구 상무오월로51번길",5
"1667","광주광역시 서구 상무오월로52번길",6
"1668","광주광역시 서구 상무자유로",39
"1669","광주광역시 서구 상무중앙로",123
"1670","광주광역시 서구 상무중앙로104번길",1
"1671","광주광역시 서구 상무중앙로28번길",10
"1672","광주광역시 서구 상무중앙로34번길",7
"1673","광주광역시 서구 상무중앙로38번길",14
"1674","광주광역시 서구 상무중앙로68번길",2
"1675","광주광역시 서구 상무중앙로72번길",12
"1676","광주광역시 서구 상무중앙로78번길",19
"1677","광주광역시 서구 상무평화로",75
"1678","광주광역시 서구 상무화원로",16
"1679","광주광역시 서구 상무화원로11번길",8
"1680","광주광역시 서구 상무화원로12번길",2
"1681","광주광역시 서구 상무화원로17번길",8
"1682","광주광역시 서구 상무화원로18번길",2
"1683","광주광역시 서구 상무화원로23번길",1
"1684","광주광역시 서구 상무화원로24번길",2
"1685","광주광역시 서구 상무화원로31번길",2
"1686","광주광역시 서구 상무화원로32번길",45
"1687","광주광역시 서구 상무화원로3번길",1
"1688","광주광역시 서구 상무화원로4번길",1
"1689","광주광역시 서구 상일로",40
"1690","광주광역시 서구 상일로14번길",2
"1691","광주광역시 서구 상일로24번길",10
"1692","광주광역시 서구 상일로42번길",12
"1693","광주광역시 서구 상일로54번길",12
"1694","광주광역시 서구 상일로64번길",6
"1695","광주광역시 서구 서광주로",13
"1696","광주광역시 서구 송풍로",9
"1697","광주광역시 서구 송풍로17번길",5
"1698","광주광역시 서구 시청로",50
"1699","광주광역시 서구 시청로16번길",5
"1700","광주광역시 서구 시청로20번길",13
"1701","광주광역시 서구 시청로50번길",25
"1702","광주광역시 서구 시청로56번길",15
"1703","광주광역시 서구 시청로60번길",77
"1704","광주광역시 서구 시청로96번길",2
"1705","광주광역시 서구 시청서편로",1
"1706","광주광역시 서구 시청서편로12번길",9
"1707","광주광역시 서구 시청서편로4번길",40
"1708","광주광역시 서구 시청서편로8번길",4
"1709","광주광역시 서구 신촌길",1
"1710","광주광역시 서구 쌍촌로",44
"1711","광주광역시 서구 쌍촌로15번길",9
"1712","광주광역시 서구 쌍촌로20번길",2
"1713","광주광역시 서구 쌍촌로27번길",5
"1714","광주광역시 서구 쌍촌로28번길",3
"1715","광주광역시 서구 쌍촌로36번길",4
"1716","광주광역시 서구 쌍촌로3번길",4
"1717","광주광역시 서구 쌍촌로48번길",1
"1718","광주광역시 서구 쌍촌로4번길",1
"1719","광주광역시 서구 쌍촌로57번길",5
"1720","광주광역시 서구 쌍촌로65번길",6
"1721","광주광역시 서구 쌍학로",33
"1722","광주광역시 서구 쌍학로8번길",5
"1723","광주광역시 서구 양동시장1길",3
"1724","광주광역시 서구 양동시장2길",6
"1725","광주광역시 서구 양동시장3길",8
"1726","광주광역시 서구 연화길",1
"1727","광주광역시 서구 염화로",54
"1728","광주광역시 서구 염화로103번길",1
"1729","광주광역시 서구 염화로104번길",6
"1730","광주광역시 서구 염화로115번길",2
"1731","광주광역시 서구 염화로116번길",2
"1732","광주광역시 서구 염화로134번길",2
"1733","광주광역시 서구 염화로160번길",15
"1734","광주광역시 서구 염화로31번길",8
"1735","광주광역시 서구 염화로40번길",6
"1736","광주광역시 서구 염화로45번길",11
"1737","광주광역시 서구 염화로57번길",7
"1738","광주광역시 서구 염화로65번길",24
"1739","광주광역시 서구 염화로83번길",39
"1740","광주광역시 서구 용두난산길",2
"1741","광주광역시 서구 용두학동길",2
"1742","광주광역시 서구 운천로",148
"1743","광주광역시 서구 운천로100번길",3
"1744","광주광역시 서구 운천로109번길",1
"1745","광주광역시 서구 운천로113번길",8
"1746","광주광역시 서구 운천로114번길",2
"1747","광주광역시 서구 운천로154번길",5
"1748","광주광역시 서구 운천로162번길",2
"1749","광주광역시 서구 운천로16번길",4
"1750","광주광역시 서구 운천로172번길",11
"1751","광주광역시 서구 운천로17번길",47
"1752","광주광역시 서구 운천로184번길",11
"1753","광주광역시 서구 운천로204번길",20
"1754","광주광역시 서구 운천로31번길",19
"1755","광주광역시 서구 운천로32번길",12
"1756","광주광역시 서구 운천로56번길",18
"1757","광주광역시 서구 운천로85번길",2
"1758","광주광역시 서구 운천로91번길",2
"1759","광주광역시 서구 운천로92번길",5
"1760","광주광역시 서구 원마륵1길",2
"1761","광주광역시 서구 월드컵4강로",76
"1762","광주광역시 서구 월드컵4강로104번길",3
"1763","광주광역시 서구 월드컵4강로112번길",8
"1764","광주광역시 서구 월드컵4강로116번길",6
"1765","광주광역시 서구 월드컵4강로128번길",1
"1766","광주광역시 서구 월드컵4강로164번길",1
"1767","광주광역시 서구 월드컵4강로181번길",18
"1768","광주광역시 서구 월드컵4강로182번길",2
"1769","광주광역시 서구 월드컵4강로197번길",5
"1770","광주광역시 서구 월드컵4강로198번길",2
"1771","광주광역시 서구 월드컵4강로210번길",1
"1772","광주광역시 서구 월드컵4강로226번길",9
"1773","광주광역시 서구 월드컵4강로229번길",6
"1774","광주광역시 서구 월드컵4강로28번길",46
"1775","광주광역시 서구 월드컵4강로42번길",19
"1776","광주광역시 서구 월드컵4강로58번길",6
"1777","광주광역시 서구 월드컵4강로68번길",9
"1778","광주광역시 서구 월드컵4강로71번길",14
"1779","광주광역시 서구 월드컵4강로81번길",10
"1780","광주광역시 서구 월드컵4강로82번길",1
"1781","광주광역시 서구 월산로",17
"1782","광주광역시 서구 월산로151번길",7
"1783","광주광역시 서구 월산로165번길",3
"1784","광주광역시 서구 월산로169번길",1
"1785","광주광역시 서구 월산로173번길",1
"1786","광주광역시 서구 월산로180번길",1
"1787","광주광역시 서구 월산로235번길",1
"1788","광주광역시 서구 월산로255번길",2
"1789","광주광역시 서구 월산로267번길",1
"1790","광주광역시 서구 월암길",1
"1791","광주광역시 서구 월암신기길",3
"1792","광주광역시 서구 유덕둑길",1
"1793","광주광역시 서구 유덕로",10
"1794","광주광역시 서구 유덕로27번길",3
"1795","광주광역시 서구 유덕로28번길",2
"1796","광주광역시 서구 유덕로6번길",1
"1797","광주광역시 서구 유덕로8번길",2
"1798","광주광역시 서구 유림로",6
"1799","광주광역시 서구 유림로33번길",3
"1800","광주광역시 서구 유림로50번길",1
"1801","광주광역시 서구 유림로98번길",23
"1802","광주광역시 서구 전평길",8
"1803","광주광역시 서구 죽봉대로",42
"1804","광주광역시 서구 죽봉대로102번길",2
"1805","광주광역시 서구 죽봉대로111번길",7
"1806","광주광역시 서구 죽봉대로112번길",1
"1807","광주광역시 서구 죽봉대로119번길",15
"1808","광주광역시 서구 죽봉대로120번길",4
"1809","광주광역시 서구 죽봉대로147번길",1
"1810","광주광역시 서구 죽봉대로22번길",2
"1811","광주광역시 서구 죽봉대로38번길",1
"1812","광주광역시 서구 죽봉대로66번길",1
"1813","광주광역시 서구 죽봉대로78번길",3
"1814","광주광역시 서구 죽봉대로94번길",8
"1815","광주광역시 서구 죽봉대로97번길",6
"1816","광주광역시 서구 천변우하로",23
"1817","광주광역시 서구 천변좌로",59
"1818","광주광역시 서구 천변좌로108번길",2
"1819","광주광역시 서구 천변좌로118번길",1
"1820","광주광역시 서구 천변좌로208번길",2
"1821","광주광역시 서구 천변좌로246번길",13
"1822","광주광역시 서구 천변좌로254번길",1
"1823","광주광역시 서구 천변좌로262번길",3
"1824","광주광역시 서구 천변좌로298번길",1
"1825","광주광역시 서구 천변좌로306번길",1
"1826","광주광역시 서구 천변좌로316번길",1
"1827","광주광역시 서구 천변좌하로",11
"1828","광주광역시 서구 천변좌하로626번길",1
"1829","광주광역시 서구 천변좌하로660번길",1
"1830","광주광역시 서구 치평로",118
"1831","광주광역시 서구 칠성로",6
"1832","광주광역시 서구 칠성로35번길",1
"1833","광주광역시 서구 칠성로4번길",4
"1834","광주광역시 서구 칠성로52번길",4
"1835","광주광역시 서구 풍금로",66
"1836","광주광역시 서구 풍금로11번길",9
"1837","광주광역시 서구 풍금로12번길",8
"1838","광주광역시 서구 풍금로151번길",19
"1839","광주광역시 서구 풍금로171번길",13
"1840","광주광역시 서구 풍금로177번길",2
"1841","광주광역시 서구 풍금로23번길",7
"1842","광주광역시 서구 풍금로24번길",6
"1843","광주광역시 서구 풍금로27번길",15
"1844","광주광역시 서구 풍금로37번길",6
"1845","광주광역시 서구 풍금로38번길",38
"1846","광주광역시 서구 풍금로3번길",8
"1847","광주광역시 서구 풍금로4번길",10
"1848","광주광역시 서구 풍서우로",10
"1849","광주광역시 서구 풍서좌로",5
"1850","광주광역시 서구 풍서좌로253번길",1
"1851","광주광역시 서구 풍암1로",14
"1852","광주광역시 서구 풍암1로21번길",43
"1853","광주광역시 서구 풍암1로7번길",1
"1854","광주광역시 서구 풍암2로",55
"1855","광주광역시 서구 풍암2로53번길",26
"1856","광주광역시 서구 풍암2로57번길",28
"1857","광주광역시 서구 풍암순환로",88
"1858","광주광역시 서구 풍암순환로109번길",15
"1859","광주광역시 서구 풍암순환로128번길",18
"1860","광주광역시 서구 풍암순환로188번길",15
"1861","광주광역시 서구 풍암신암로",6
"1862","광주광역시 서구 풍암신흥로",45
"1863","광주광역시 서구 풍암신흥로11번길",11
"1864","광주광역시 서구 풍암신흥로39번길",3
"1865","광주광역시 서구 풍암신흥로49번길",1
"1866","광주광역시 서구 풍암신흥로61번길",3
"1867","광주광역시 서구 풍암신흥로62번길",4
"1868","광주광역시 서구 풍암신흥로80번길",11
"1869","광주광역시 서구 풍암신흥로90번길",3
"1870","광주광역시 서구 풍암신흥안길",3
"1871","광주광역시 서구 풍암운리로",5
"1872","광주광역시 서구 풍암운리로11번길",2
"1873","광주광역시 서구 풍암운리로23번길",3
"1874","광주광역시 서구 풍암운리로33번길",2
"1875","광주광역시 서구 풍암운리로41번길",5
"1876","광주광역시 서구 풍암중앙로",32
"1877","광주광역시 서구 풍암중앙로82번길",1
"1878","광주광역시 서구 풍암중앙로86번길",4
"1879","광주광역시 서구 풍암중앙로91번길",1
"1880","광주광역시 서구 하남대로",28
"1881","광주광역시 서구 하남대로680번길",14
"1882","광주광역시 서구 하남대로710번길",2
"1883","광주광역시 서구 하남대로734번길",4
"1884","광주광역시 서구 학생독립로",3
"1885","광주광역시 서구 학생독립로10번길",1
"1886","광주광역시 서구 화개1로",37
"1887","광주광역시 서구 화개1로1번길",1
"1888","광주광역시 서구 화개1로24번길",12
"1889","광주광역시 서구 화개1로78번길",11
"1890","광주광역시 서구 화개1로79번길",12
"1891","광주광역시 서구 화개2로",3
"1892","광주광역시 서구 화개2로10번길",1
"1893","광주광역시 서구 화개2로20번길",8
"1894","광주광역시 서구 화개2로9번길",5
"1895","광주광역시 서구 화개중앙로",55
"1896","광주광역시 서구 화개중앙로114번길",3
"1897","광주광역시 서구 화개중앙로16번길",1
"1898","광주광역시 서구 화개중앙로3번길",3
"1899","광주광역시 서구 화개중앙로4번길",6
"1900","광주광역시 서구 화개중앙로86번길",2
"1901","광주광역시 서구 화개중앙로87번길",7
"1902","광주광역시 서구 화운로",88
"1903","광주광역시 서구 화운로100번길",4
"1904","광주광역시 서구 화운로110번길",1
"1905","광주광역시 서구 화운로125번길",3
"1906","광주광역시 서구 화운로126번길",2
"1907","광주광역시 서구 화운로142번길",1
"1908","광주광역시 서구 화운로155번길",2
"1909","광주광역시 서구 화운로156번길",26
"1910","광주광역시 서구 화운로175번길",10
"1911","광주광역시 서구 화운로176번길",1
"1912","광주광역시 서구 화운로193번길",5
"1913","광주광역시 서구 화운로194번길",3
"1914","광주광역시 서구 화운로199번길",3
"1915","광주광역시 서구 화운로220번길",9
"1916","광주광역시 서구 화운로230번길",2
"1917","광주광역시 서구 화운로23번길",17
"1918","광주광역시 서구 화운로303번길",4
"1919","광주광역시 서구 화운로304번길",17
"1920","광주광역시 서구 화운로314번길",1
"1921","광주광역시 서구 화운로323번길",1
"1922","광주광역시 서구 화운로83번길",4
"1923","광주광역시 서구 화운로99번길",5
"1924","광주광역시 서구 화정로",91
"1925","광주광역시 서구 화정로138번길",13
"1926","광주광역시 서구 화정로150번길",1
"1927","광주광역시 서구 화정로153번길",6
"1928","광주광역시 서구 화정로179번길",11
"1929","광주광역시 서구 화정로180번길",1
"1930","광주광역시 서구 화정로189번길",1
"1931","광주광역시 서구 화정로21번길",1
"1932","광주광역시 서구 화정로243번길",10
"1933","광주광역시 서구 화정로244번길",18
"1934","광주광역시 서구 화정로253번길",8
"1935","광주광역시 서구 화정로254번길",5
"1936","광주광역시 서구 화정로260번길",6
"1937","광주광역시 서구 화정로271번길",2
"1938","광주광역시 서구 화정로276번길",2
"1939","광주광역시 서구 화정로279번길",1
"1940","광주광역시 서구 화정로293번길",2
"1941","광주광역시 서구 화정로294번길",1
"1942","광주광역시 서구 화정로309번길",18
"1943","광주광역시 서구 화정로310번길",2
"1944","광주광역시 서구 화정로78번길",3
"1945","광주광역시 서구 화정로85번길",8
"1946","광주광역시 서구 회산길",2
"1947","광주광역시 서구 회재로",42
"1948","광주광역시 서구 회재유통길",8
